tats_cd,association_name,district_code,content_id,place_title,match_method
38e0570dcddce886edb3780abbc62e2e,경교장,110,945824,서울 경교장,normalized
fb91919b7a0b5836cefe86df13307784,백범김구기념관,170,130473,백범김구기념관,exact
c1b46a8e4b06e8863ff4613dc9cb4061,탑골공원,110,129534,탑골공원,exact
bfd7a7cbfe906f1ec635bbeade02e7fc,다이나믹메이즈/인사동점,110,264353,인사동,substring
5a61131c2d702aee96e966bac6fb868e,대한민국역사박물관,110,1849416,대한민국역사박물관,exact
48d711bc1a903d95d891501dd96cdf06,경복궁,110,126508,경복궁,exact
5877109bc88136ac4ee7f265d9568d0a,북촌한옥마을,110,126537,북촌한옥마을,exact
932713ceeaaa32f8416d0a69ca38fe75,남산케이블카,140,128776,남산케이블카,exact
42eaa57b48549bc6c48d6377a40419d5,광장시장,110,132183,광장시장,exact
a55ea5a87d9aceb45f1d5621eb367191,토속촌삼계탕,110,132815,토속촌삼계탕,exact
83365e8ccf1470893dd52675958e2b23,소테츠호텔즈더스프라지르/서울명동,140,264311,명동,substring
8b750c0dbf493b5bcb1d02c318646fbb,남대문시장,140,132180,남대문시장,exact
9e31aae766907b59097cf51c35f9543f,L7 명동 바이 롯데호텔,140,2504463,L7 명동 바이 롯데호텔,exact
8919d6c92c3f2757e209d800b48c13e8,나인트리바이파르나스/서울명동2,140,264311,명동,substring
f46dcf6e14af81803afacfe80606390d,퍼시픽호텔,140,142746,퍼시픽 호텔,exact
868b54a0ecff1510baf8f974668d2e40,남산골한옥마을,140,126747,남산골한옥마을,exact
d6e7d2e0ef86a25cce60aac5332b28dc,국립중앙박물관,170,129703,국립중앙박물관,exact
8305585434c6e9f1f63675448b672be3,청와대사랑채,110,690984,청와대 사랑채,exact
81bf1d15ad057d0cc8f1eb7bc402dd7c,전쟁기념관,170,130431,전쟁기념관,exact
bd95520cddb15b1eee99ab1d97ed2774,국립고궁박물관,110,129811,국립고궁박물관,exact
87d0473d57cadb89cdb8b106a3ddfedf,하이커그라운드,140,2834048,하이커 그라운드,exact
0dbd06a951bc9bad4fe1a88433064c08,은평한옥마을,380,2724392,은평한옥마을,exact
2a13c8116abd9ec7c1e90c2696da0aa5,마로니에공원,110,126487,마로니에공원,exact
e31216a568070f9935d30576a31bd110,청와대앞길,110,126533,청와대 앞길,exact
19fb30179dbc546c08d1172b2e6ecd07,롯데영플라자/명동점 공사중(2026년오픈예정),140,264311,명동,substring
5195670748216dd85fe16c4b278c2db4,롯데면세점/명동본점,140,264311,명동,substring
7008eb05d03a7dded8a279f9ed0acd0f,경복궁/관훈점,110,126508,경복궁,substring
79df877bdf5c79a7c30ed697c542b575,광화문,110,126512,광화문,exact
dda5b2713a1088529fb7f030fc281e7f,창경궁,110,126511,창경궁,exact
7282b8c004483e17a6bd5bbfc011929a,스위스그랜드호텔,410,142765,스위스 그랜드 호텔,exact
138756720e71390cd447a08d424c1728,경찰박물관,110,2782735,국립경찰박물관,substring
8930f0b4a98b760f2a7bf5345eceb251,서대문형무소역사관,410,130152,서대문형무소역사관,exact
da391c809eb94fd53d6e6f668484708c,독립문영천시장,410,2789102,독립문영천시장,exact
58d39c8b66c9c900dde9bbe4a1623203,농업박물관,140,2762852,농업박물관,exact
b1589bb9e3fb4ec234c3dc56fbd5563a,더플라자호텔,140,142725,더 플라자 호텔 서울,substring
c62bf2e7c547be0d2d37addf9243e381,윤동주문학관,110,2739477,윤동주문학관,exact
307cc17961818f75d1fa813c04f1ab97,무탄/광화문점 [중식],110,126512,광화문,substring
1c6cf6043d431b5ea413cb207a940235,국립기상박물관,110,3038260,국립기상박물관,exact
1c45295721bfc99e1e95057334c189e0,서대문자연사박물관,410,130448,서대문자연사박물관,exact
e7a83332f31284087fb5fc193218a255,국립민속박물관,110,2608977,국립민속박물관과 국립민속박물관 어린이박물관,substring
21de83fa74ec5e9b2ea781293e564905,서울역사박물관/어린이박물관,110,130361,서울역사박물관,substring
119aea5c7ec7c0dfaeac26b1f14014df,서울역사박물관,110,130361,서울역사박물관,exact
ad171b123327ef996d7479f08e5fed62,한국은행 화폐박물관,140,2762802,한국은행 화폐박물관,exact
a00d99e7d405950063bd7bc98d83821a,진옥화할매원조닭한마리/본점,110,1325115,진옥화할매원조닭한마리,substring
62cec200e571874f3dca681fbc1ad301,클럽에스프레소,110,3065976,클럽에스프레소,exact
8d8382edfc6815c6559afa671a0f0d45,서울기록원,380,2773382,서울기록원,exact
7492b5113fc4fff6247688629bfb9a87,국립대한민국임시정부기념관,410,2813170,국립대한민국임시정부기념관,exact
45af86492f9a583ef2f1aa44e20d8334,경희궁,110,126484,경희궁,exact
7d6ee6c7d086c52e3dc04e6c3c98dd46,덕수궁,140,126509,덕수궁,exact
68e83e9ca019bf4170fff403fc1c1c85,유림/강서점,500,2835842,유림,substring
ed77bd6b7debc9d94734aa1964a4be31,경희궁부페,110,126484,경희궁,substring
e0ff8ac03ff5b600e27fc522a55bdd8d,씨네큐브/광화문점,110,126512,광화문,substring
9165634044d9651625cd2b664a049ac0,호텔스카이파크/센트럴명동점,140,264311,명동,substring
294539848aecced85ea4fd3bc3536a2b,이비스앰배서더/서울 인사동,110,264353,인사동,substring
c084a8744d3d56e6e0bf02828e008631,호텔더보타닉세운/명동,140,264311,명동,substring
ba980a1877ef9902368f5ec3f80ab30e,청계천,110,129507,청계천,exact
fd24f4034fce785d524928601625686c,삼청동수제비/본점,110,402994,삼청동수제비,substring
4c625f7eb0034dc906c595e832042589,동대문종합시장,110,132200,동대문종합시장,exact
c5e94d4439641971ec7b53c10a6fb54c,로얄호텔서울,140,142723,로얄호텔서울,exact
8de118a4b6f26f59fe7f8a9c5e2c275e,이비스앰배서더호텔/명동,140,264311,명동,substring
cddb9b6702162c9d4070db388e357ac3,동대문역사문화공원,140,1906334,동대문역사문화공원,exact
036fd80402c541a6e4e3541439de2ab8,신평화패션타운,140,2762844,신평화패션타운,exact
c00f93264f52689aa0f399c293e13dd9,오라카이인사동스위츠,110,3464880,오라카이 인사동 스위츠,exact
7a7d19a93f01292502031707bd9ef892,오라카이대학로호텔,110,3465873,오라카이 대학로 호텔,exact
681fb8f32e3ec2559f2367fb1ab9d7b3,제일평화시장,140,2761427,제일평화시장,exact
6cf08fdb7756192bc4a0caf4568e5aac,프레지던트호텔,140,142732,프레지던트 호텔,exact
66fd47176e2a7cd05721e35919cf2557,신당동떡볶이타운,140,699249,신당동 떡볶이타운,exact
2e948a5de984e719a3af85dd56e40939,중부시장,140,132217,서울 중부시장,normalized
e1ad524516953b7010addb6f37be593e,밀리오레/명동점,140,264311,명동,substring
034449c8eea9c7448f6623888d85976b,길상사,290,128866,길상사(서울),normalized
d53df0b25685768b1d823a4775a70652,선잠,290,3043911,성북선잠박물관,substring
2b4f7bc9ebebddae3392b736bfca54a5,더숲초소책방,110,2783334,인왕산 더숲 초소책방,substring
ce196c950c52d6a7f26097a553f7fadf,블루스퀘어,170,1439094,블루스퀘어,exact
b03fd5be6d7ab5e2e4b059d328f4c9ec,뉴서울호텔,140,142740,뉴서울호텔,exact
a8531e95cebc9158bd3ac723a8ed2eb8,원조남산왕돈까스,140,2739480,원조남산왕돈까스,exact
6ea50040d595c763bf9c2f68da18833c,호텔트래블어스/명동,140,264311,명동,substring
8665d0867059aa93df0b980c628c862e,경리단길,170,2930839,경리단길,exact
caf62084cf0647cc366482302b8f9bf5,계열사,110,3085030,부암동 계열사,substring
b9c5328de112bdd510c2904ce4843a13,숭례문,140,128162,숭례문,exact
dab2f33b38341b9756bcad667a744384,배스킨라빈스/광화문점,110,126512,광화문,substring
d43bec987a06205c72c8f924d7a336b5,삼청각,290,2685594,삼청각,exact
9a660c68fa635c3e9c4ebb8190de897e,마장축산물시장,200,1253230,마장 축산물시장,exact
1f42d1fe1580daeeca68c3bd7e6fdca2,명보아트홀,140,1022196,명보아트홀,exact
b94ac81d09e490a7b2a4a3edf96bb570,태극당/장충본점,140,2721659,태극당,substring
20c9c1c52d38f4c88b8eaed8896fb2dc,르메르디앙/서울명동점,140,264311,명동,substring
054b3899f465ac2823cffd7b7e69fa8b,리움미술관/M1,170,130525,리움미술관,substring
cc8e0f515b3541d0002360978b7151b7,민주화운동기념관,170,2775505,민주화운동기념관,exact
884988cfdaf9fd2d41512fb27aee0d46,서울공예박물관,110,2738571,서울공예박물관,exact
b14c25242ec958a985a538f1725794b7,우리옛돌박물관,290,2372228,우리옛돌박물관,exact
35b40620245d33f92227e62f5d890917,진관사,380,127558,진관사(서울),normalized
3977d357d914ec8fb5f7f8880aaf5fcf,호텔토마스명동,140,2782181,호텔토마스명동,exact
fc09ac9db23f16b889fb1a85e3fbb888,보보식당/광화문점,110,126512,광화문,substring
71071a869fbe9b7adb40cd16d9b295b1,서울물재생체험관,500,2993173,서울물재생체험관,exact
8de6e5b5838ea70bc46a18dea5499bec,필동면옥,140,403081,필동면옥,exact
60e52706259a44f574c8150734caa41d,성북동면옥집,290,2873293,성북동면옥집,exact
0ce0cc8fd2cab605e1f0c4ef247bdf4b,올리페페/광화문점,110,126512,광화문,substring
1ccae5984ec7caa94726a916fa83940b,독립문,410,127425,독립문,exact
a8f61f2a33339f05688706e926a91626,국립어린이과학관,110,2545920,국립어린이과학관,exact
b1c6d4cae3a8705878ce01ac15d46755,애슐리퀸즈/대학로점,110,126534,대학로,substring
570bbf09ec6117258c1ecf4805361572,우래옥/본점,140,133339,우래옥,substring
5f42dc304a006ecec1097feade0ca3c3,커피베이/창경궁힐스테이트점,110,126511,창경궁,substring
8807c2b954cab4307d1be9ba140802b7,성북선잠박물관,290,3043911,성북선잠박물관,exact
6ddfb0de819db4e645e32edf3def60a2,세종호텔,140,142727,세종호텔,exact
14e9516686e544244653c40c95ebac82,서울서둘째로잘하는집,110,398350,서울서둘째로잘하는집,exact
94e2e2bb8b184971338361ce74c5ff31,국립중앙박물관/어린이박물관,170,129703,국립중앙박물관,substring
13db262a7b0b994c18a9d27a5d14f383,서울상상나라,215,1897833,서울상상나라,exact
6456b98a98f2e065be78624ea07dbd53,혜화칼국수,110,2902652,혜화칼국수,exact
7af0fdbecd5e6eed8df733c4c9d5e366,CGV/대학로,110,126534,대학로,substring
212a5ee7d81f683592e25fbbb60ca0c2,눈스퀘어,140,807619,눈스퀘어,exact
e0ea3cce552a301b41ab033a41424e94,서울왕돈까스/성북동본점,290,2839181,서울왕돈까스,substring
573adb5fa0ca6c36fdc22416d8221c51,남산산채집,140,135679,남산산채집,exact
ee039c8ce4b9a1166882744db422ae45,한양도성박물관,110,1939691,한양도성박물관,exact
8e9dd397876753af9afcc99a7e006386,떡박물관,110,130365,떡박물관,exact
c50046e349888c25f4066f647f440bbb,서울중앙시장,140,2589070,서울 중앙시장,exact
3a3ec9ce17b842ecd00feca182b876c6,디키디키,140,2561208,디키디키,exact
ecc56d674525ea8852da59e9689e06e2,무교동북어국집,140,403044,무교동 북어국집,exact
9bc3f57aa7375fac875095884aa73884,서울시립미술관,140,130071,서울시립미술관 서소문본관,substring
f72ab7ec1016941d7cc813b52b64cf57,자하손만두,110,834669,자하손만두,exact
2fa137096d09cf460e7b006747f3a418,황생가칼국수,110,837020,황생가칼국수,exact
b42232e989a8f23c1141fa0064c82524,문화식당,290,2839130,문화식당,exact
749a481312a0b2fdd7d75dbf0966e6c0,가나아트센터,110,129854,가나아트센터,exact
e7177a9f589bd522020861014825812f,환기미술관,110,129760,환기미술관,exact
bc03d69b288b5d367b335d76b91c2ffc,패션5,170,1142774,패션5(Passion 5),normalized
dfef54b157bb31f5dfb9ca62e04004c9,국토발전전시관,140,2764516,국토발전전시관,exact
9790b35b54d4adcc46e424df4f01b24e,산모퉁이,110,2836148,산모퉁이,exact
c52bbe1f251b1bd801fa2eff9dd24746,국립현대미술관/덕수궁관,140,126509,덕수궁,substring
bae908cd28770737089781a65f00dd99,금선사,110,298109,금선사(서울),normalized
87191a8c608dfc6be3f91248de1e8124,중화원/[중식],380,2846659,중화원,substring
b69e9919640adc08057eedd0dc90aed8,장충동족발골목,140,699279,장충동 족발 골목,exact
c318dcf07cfd92680e461df4d8882adb,석파정서울미술관,110,2783512,석파정 서울미술관,exact
6633023fba65b8f170f647ffe6178b82,동대문디자인플라자/뮤지엄,140,2470006,동대문디자인플라자(DDP),substring
0dfeeac49a5f9056fd1833a00b47a7a4,낙산공원,110,129501,낙산공원,exact
7cb2ba9f2f7b74266f03b3ec7176519a,보신각,110,126516,보신각터,substring
44f7a7fbccac40c4d1ac9e1d260a892f,감나무집기사식당,440,2843816,감나무집기사식당,exact
ae18eaa79a6891d6f50bb8e91c45e0f8,블러,440,4012497,배드블러드,substring
4fd0e47cc522cf31687dd492dfb889f9,테르트르,110,2783358,테르트르카페,substring
b9c9b1d4867675457df93eb7b3e1580e,스탠포드호텔/명동,140,264311,명동,substring
2ae519a915e89b4f879f7d17210dfcdc,수유시장,305,2741592,수유시장,exact
c0eca72374543e40effb77bc19ec4d18,더키친일뽀르노/광화문점,110,126512,광화문,substring
e827b3fafa55bef691d75fd236559fff,오장동함흥냉면,140,2624847,함흥냉면,substring
084a3115574ea9fcba185af354132142,쓰리세븐호텔,230,2590471,쓰리세븐호텔,exact
bde9d570509a3b900a11ba6fb2f25310,대학로,110,126534,대학로,exact
d761218e6163daa798d55e35c6ac2c1d,대각사,110,299980,대각사(서울),normalized
5c77495e9c29ee7339dfeb4797949e2d,노룬산골목시장,215,2751406,노룬산골목시장,exact
25c8763d77a3bb57ce9914c5d5940176,에스팩토리/B동,200,2745602,에스팩토리,substring
aa6f5ecfee851beb9817e926907ca6ab,CGV/홍대,440,781031,홍대,substring
535d25f333225007aad4d962d9340e5c,나이아가라호텔,500,143130,나이아가라 호텔,exact
4647a7186478062a4d49e528c2af21ce,화계사,305,126507,화계사(서울),normalized
e1dddacca1cc3b7128ae272f0b532a51,해밀톤호텔,170,142767,해밀톤 호텔,exact
c088da1e6bdb5665d31dc563a4db8c97,전곡시장,230,2756105,전곡시장,exact
a2f485f90b137b2ac2c736d16d7dc42f,트레블로지명동남산호텔,140,264311,명동,substring
b39f4258ab825aa18d4c23a9e8f32d30,해남낙지,140,2807678,해남낙지,exact
40300f3e299173fa0ebc9eb9447026bb,광화문국밥/본점,140,2914214,광화문국밥,substring
454a708c3e97b3c70cee9e6ac74c070e,롯데시티호텔/명동,140,264311,명동,substring
bbc2d930b987120ed7925dfad1e97dee,효창공원,170,127643,서울 효창공원,normalized
466be325110cd1a785b3d414d975edcc,통인시장,110,1590323,통인시장,exact
8f9c104f2123fcd914e1cf5de0baef0b,서울식물원,500,2589349,서울식물원,exact
75954bbe31b12dcd58ed3d90c1578b1b,이문설농탕,110,403093,이문설농탕,exact
32745bd0546c0fc0552f18bbe6d56602,청계천수족관거리,110,129507,청계천,substring
d00d4f14f0a4727995431a8c191e9ecb,애성회관,140,3094628,애성회관 한우곰탕,substring
5f00a3b9c09ecc6d4d82f5f04822d97e,국시집,290,403337,국시집,exact
41c4ee89adfd08c863ca5f9933a6f7da,한남동감자탕/한남동본점,170,2855434,한남동감자탕,substring
779e42d5ac3aeedb269f664bbc9c9f18,아이러브신당동,140,697349,아이러브신당동떡볶이,substring
1457fe6b06926b69c7758da251e2c1c4,스타벅스/용산전자랜드점,170,132229,용산전자랜드,substring
06f81215aa7fdb6e30da21f32aa7028f,호텔국도,140,232290,호텔국도,exact
9072475dc476da0fa2c14d1f4fa521fc,안중근의사기념관,140,129794,안중근의사기념관,exact
36cd37c4efeb56bfe23c45b6d6d2f82a,예술가의집,110,2739475,예술가의집,exact
8f3c468ef60ef8e1afe3e6e17e584d0f,성북동빵공장,290,2834536,성북동빵공장,exact
2e6ffef6dfd97fda4267294377d79013,서울퓨처랩,500,3036898,서울퓨처랩,exact
c387c3daa995e0569a5bb5c515bc512d,대한문,140,1605981,덕수궁 대한문,substring
669e8a1aec121433965c773b86d65ea9,소월아트홀,200,3084412,소월아트홀,exact
ede2ae68d400da1082f6d38fcdc58f48,봉원사,410,126503,봉원사(서울),normalized
5d9741883032dcb4480f497444374520,신창시장,320,2751420,신창시장,exact
855f21fcf04dec815994ddfd89f1501d,목인박물관 목석원,110,231976,목인박물관 목석원,exact
41f7f4f0d4293bc64a5f2d3c38daaf98,부암동7번지제빵소,110,1367251,부암동,substring
d1123d91a33cec1c77e3ae42fcc15ca5,석파정,110,3449598,석파정,exact
81b6d4a04e26b10c7cd6aa495c6e278e,박노수미술관,110,2739454,박노수미술관,exact
f5b9bb29c834e05489d441b1d5a1079a,대성집,110,2438867,대성집,exact
9f8d7c416ec72268bb09f43608eb3a1e,세검정,110,126494,세검정 터,substring
fdcb99ac4181bf66d71bb332d9fb6232,이도림,110,3396961,이도림 블로트커피,substring
ad8fb101cf98682dd69ded7a7a50b1e3,초안산수국동산,350,2031668,초안산,substring
7f9cfda0aac13ad9683fa1da5cf84d0e,묘각사,110,128872,낙산묘각사,substring
efe0cec96bdcb5d3a95caa3c9e3062e7,조계사,110,128144,조계사(서울),normalized
f75dbcbf4ff509a046174938d14b9fb9,백사실계곡,110,809372,백사실계곡,exact
52e29d290c688d2abdf7827bfc849720,진주회관,140,578330,진주회관,exact
ffdbb7cb23d98fad9a1c3dbbcf1e8247,청계천박물관,200,130658,청계천박물관,exact
5805e952a7f7f32adb3f308169958bc1,뚝도청춘시장,200,2745620,뚝도청춘시장,exact
4c5495fca316f398acbb8eeb0673ec3d,북촌생활사박물관,110,231971,북촌생활사박물관,exact
8c70d8d20528568be11bcac548f02c55,밀리오레호텔/서울명동,140,264311,명동,substring
feaa4eb54ca242c3a66a5c27f89199fe,L7 홍대 바이 롯데호텔,440,781031,홍대,substring
b2e840beb2fcb66bb33d988c822656ad,뚝섬한강공원,215,1030763,뚝섬한강공원,exact
224a3804cdf859de22b26c8c2c12141b,써미트호텔,140,2011019,써미트 호텔 서울,substring
131e35e51621edb0f07b2780806caef8,나인트리바이파르나스/서울인사동,110,264353,인사동,substring
ec60a9ad10af3a227cb25f83f5f55cca,신세계면세점/명동점,140,264311,명동,substring
b113fd3c3767bd042f56a8e477a8deac,서울가든호텔,440,142722,서울가든호텔,exact
0214fbd817dfa7e3ca7f029df9617f7e,골든서울호텔,500,3080065,골든서울호텔,exact
b22f53c22db34ba88ea020bf5384b338,코트야드바이메리어트/서울명동,140,264311,명동,substring
55ae04320b01da059d71562e258b65b4,사직공원,110,127942,사직공원(서울),normalized
da4c87fdde280613facf191b6bb46cbd,산마루놀이터,110,2638477,산마루 놀이터,exact
1d97509dda804ea7abc88d81971a0322,북서울꿈의숲,305,822384,북서울꿈의숲,exact
1c8716fb93d94d198656ded9c95e4978,삼청공원,110,126488,삼청공원,exact
b31c98ba7ea80961714292b4ca1822fb,신라스테이/광화문,110,126512,광화문,substring
eb44975a2c5bec91cbfeeae3414348cb,조셉의커피나무,290,2839284,조셉의커피나무,exact
ee7345473b69a26c79af574ab951c82e,키미아트,110,639462,키미아트,exact
ce802f509749d23bb5308d756f987d94,N서울타워,170,135131,한쿡 N서울타워,substring
d435ebcedcd9ddc0f3986a8bd8e7bf7b,스타벅스/홍대입구역사거리R점,440,781031,홍대,substring
c2ef51dc9f9e99fa895b26780c2d9138,뮤지엄김치간,110,2469939,뮤지엄 김치간,exact
6f6a3dcea5ccb0c3edca2fcc8afdfbf9,아트조선스페이스,140,129768,아트조선스페이스,exact
b8e4bedd294358ad29db4726109d14a9,종로귀금속거리,110,132421,종로귀금속거리,exact
2ceeac80becee8decbb66018a2c3cf4a,스위스그랜드호텔컨벤션홀,410,142765,스위스 그랜드 호텔,substring
486f1abb40acf81ee99fedeb5f0d0cc8,오버스토리,290,2839237,오버스토리,exact
573a9e9e1b9bd917e12efb3fc996c079,이화만두,215,2875239,이화만두,exact
e57e9dfd7ece93066858eb29a7394ca8,서울교육박물관,110,130678,서울교육박물관,exact
ba455e1df16824c56c14148bf37edb9f,살곶이체육공원,200,753994,살곶이체육공원,exact
69613def5e53b5ef3d8026a44b78b0c9,국립항공박물관,500,2706762,국립항공박물관,exact
f96379f21f65f6e36c80047f7960ae5d,아우어베이커리/광화문디팰리스점,110,126512,광화문,substring
f6be2f00d17482debbf51b2a74ea7671,푸투라서울/휴업중(2026년08월오픈예정),110,3379703,푸투라서울,substring
373dd49ee07c817f4553db0b3c38d380,흥화문,110,1604784,경희궁 흥화문,substring
a0b33214294573276323fa7a692b00f0,화이트스톤갤러리,170,3407517,화이트스톤갤러리,exact
3704a8877737ebaeaaf0f52564616925,서소문성지역사박물관,140,2765202,서소문성지역사박물관,exact
9e383ec13943232ac364421a0770cd9b,조앤도슨/광화문점,110,126512,광화문,substring
1852beef721b5037439e4518fefa1faa,서울우리소리박물관,110,2678273,서울우리소리박물관,exact
c4ff49058293202d034e156456ba0d83,남영돈,170,2836064,남영돈,exact
a7818ca59283de7031fdc833f5cf90b3,우정,140,697423,우정,exact
9c837c33d2a06bdb3dbc0cd67a266f17,서순라길,110,3019162,서순라길,exact
b6e1a8223148d8c6dc0712a4de32e29d,반얀트리클럽앤스파서울,140,1045657,반얀트리 클럽 앤 스파 서울,exact
fc2d467db8e1198e18daec18ba3dc1ed,국시랑만두,110,2939571,국시랑만두,exact
f96d68fe917c07b2ef1c51d62bd775ac,북악정,110,582375,평창동 북악정,substring
b9986c7d44c4fdea2f0c07db3170411b,세종로공원,110,1604697,세종로공원,exact
95b241f19db74f3fa94c7ae6719584a3,아르코예술극장,110,130230,아르코예술극장,exact
0f82d647b9bebee7021e23e992ab0868,평양면옥/장충본점,140,133860,평양면옥,substring
787529db66fc4fed0f0762c2dff5a734,대학로예술극장,110,1380688,대학로예술극장,exact
3ab168604c257d9cfe06fef74ce5acbc,광진문화예술회관/나루아트센터,215,130699,나루아트센터,substring
d2b0a8a9f0512c32ddcd7d32e743ddc6,아르코미술관,110,130403,아르코미술관,exact
4ad99170855561c905cd752d5890235a,국립극장,140,130231,국립극장,exact
24c5e8d6b8e14a8061ca2d6eadf4784d,우리밀국시,290,2496495,우리밀국시,exact
de1dda3abaad9e49aabc8f2b7525e225,국립정동극장/세실,140,130353,국립정동극장,substring
c8f79047b2aca024c76c5c59071a0b41,NOL씨어터/대학로,110,126534,대학로,substring
fca98da10a8cbb5aa0ce10b9daaa4efe,제일콩집,350,402888,제일콩집,exact
26597ff882336a4ba58352407cd33ed2,KFC/대학로점,110,126534,대학로,substring
01f4d3dfa9e00fa8e1b39294cd3b84db,안국선원,110,2774286,안국선원(서울),normalized
c6b15d82b3a4a76d1d253ee3c7c27da9,몽중헌/광화문점 [중식],110,126512,광화문,substring
580fb82d73c7b1cc0b9b4c45a90a949d,한일관/광화문점,110,126512,광화문,substring
091c165f0c1e1a756edb723cb990c8cf,금왕돈까스,290,2039547,금왕돈까스,exact
09d7e08e1dfa6b8e1b75a64f49c4f8cc,무계원,110,3013272,무계원,exact
18a3e4338805b52c2ef8ecc77d28188b,안양암,110,337413,안양암(서울),normalized
ec726d1680d0c705518526ff2b1f74e7,와룡공원,110,1019041,와룡공원,exact
d48c67b0faf8192901484449d293a4d6,두가헌,110,562425,두가헌 레스토랑,substring
27b4afa16a5ba1c8833f49dd9ce59aee,아차산배수지체육공원,215,2773309,아차산배수지체육공원,exact
840192783460719715371521062bfdaa,모던샤브하우스/광화문D타워점,110,126512,광화문,substring
9af96cc6a5fa3e4ed882751de49903e3,엘림들깨수제비칼국수,305,2833385,엘림들깨수제비칼국수,exact
acb5329d44aa939655c89c85fe40ceb9,충무아트센터,140,130695,충무아트센터,exact
ff1b7da91c8becc05ccd75320569fe25,선동보리밥,290,2609645,선동보리밥,exact
eac2c104ef9c815cd992bb9b886a31f1,운현궁,110,127454,서울 운현궁,normalized
1a142e2fb56e754a60c89454f40a8c2c,유금와당박물관,110,2554142,유금와당박물관,exact
bd21072846707681f5c33d834e72699d,서울시립미술아카이브,110,2998547,서울시립 미술아카이브,exact
eb9a79157a8b91948e19fc3cc6c7e221,인사동문화의거리,110,132219,인사동 문화의 거리,exact
fbd86ba69f8963f1ea78714b83f852b8,더마켓키친/포시즌스호텔서울,110,3339644,포시즌스 호텔 서울(광화문미래에셋호텔),substring
36a3fc71d8b14b73d314625042354d2c,인왕사,110,348804,인왕사(서울),normalized
6ce15d51b2fa4dd337e1905cb9c70f9a,인왕산,110,126479,인왕산,exact
77049628e0b2e7f86a65f69921231f81,인왕산국사당,110,2764331,인왕산 국사당,exact
de8f8b478a62bae108f7df81a719e5c4,전태일기념관,110,2739478,전태일기념관,exact
2429915df59084dd6e53c4e0eef22815,마복림할머니막내아들네,140,2853937,마복림할머니 막내아들네,exact
faadff0a092bc15948a5efe01c27c88f,이디야커피/광화문점,110,126512,광화문,substring
b47160bd955f46c4030c8aef7f7dede1,연화사,230,337508,연화사(서울),normalized
60178628ec2da1df05d278cbbdcdbd24,뉴블랑센트럴명동호텔,140,264311,명동,substring
f027d9e869ac0923b9ae3e38661f12c9,스미스가좋아하는한옥,110,1947036,스미스가 좋아하는 한옥,exact
8ba57fda99dae27f1df09914dc84eb37,서울월드컵경기장,440,131712,서울월드컵경기장,exact
17216438ba76f35350cbfd4da7d23cff,호텔미드시티/명동,140,264311,명동,substring
6508af37144e9f59a56fd8d07e33bf94,종묘,110,126510,종묘 [유네스코 세계유산],normalized
15363134623f18baee3cd2fd0c4a2694,종묘광장공원,110,126492,종묘광장공원,exact
2fcab048af37f2c7e9c753c0f3f6bacf,황금정원,320,2832820,황금정원,exact
0fc6eb51a4e3cbae4a3c32ee69a1a0c0,짚풀생활사박물관,110,129804,짚풀생활사박물관,exact
c3b76d97310e44890b9e02e2d762f5e3,안토,305,3566221,안토,exact
1c88de44ddf35c28fdaa394cde3c4473,남대문갈치조림골목,140,748018,남대문 갈치조림골목,exact
67cf64cd75fc91194b37c6ca6f6cf02e,레스케이프호텔,140,2586384,레스케이프 호텔(L’Escape Hotel),normalized
adb056464fe8c21a526fd6f72b2342fe,한성아트홀,110,3072272,한성아트홀,exact
aa497f062a9f1b0bd6ea3ba2b8f1d81f,능라도/광화문점,110,126512,광화문,substring
78c9885f6daf42d38cc568b6327bb314,카페산아래,305,2833398,카페 산아래,exact
21a689b16278e036b5e88766e9366a45,서울프린스호텔,140,142751,서울프린스호텔,exact
90b525137a61c6235d1a37436036f5e4,창의문,110,252547,창의문(자하문),normalized
43ad448330c42271da75a8ec071c7dba,만포막국수,140,2914148,만포막국수,exact
8376a91430262e5b56b426a2bc30b0eb,청룡사,110,482153,청룡사(서울),normalized
15c6b37afdc8a9aff92d9cae59f334e8,청진옥/본점,110,2778428,청진옥,substring
fddd3e4e45317188f52a1415c70c6505,칠궁,110,3056238,청와대칠궁,substring
e4db0c67ae86810bca37f8f146de10b2,광장시장윤희네육회빈대떡,110,132183,광장시장,substring
8ca21fce26649102b0ee22eae88c8b02,솔라리아니시테츠호텔/서울명동,140,264311,명동,substring
f672ceb11355e2106768f2587fcff74d,메이플레이스호텔,110,2552651,메이플레이스,substring
b8ea11dc73026ec54eaf8f824b74736d,청운공원,110,2762885,청운공원,exact
cbe8c97f99e80d18894dca65236a1d5e,불암산나비정원,350,2733975,불암산나비정원,exact
32253f146ff7a879096536333cc8ce7f,충신시장,110,2759976,충신시장,exact
33745eab59eabf8a42f24b296327f4b2,동대문종합시장/B동,110,132200,동대문종합시장,substring
429665d880d09c766e7461026bda6026,성촌공원,170,2760249,성촌공원,exact
af66048976dbc8731185bdef841a103e,문배동육칼/본점,170,1985351,문배동 육칼,substring
359b1865069038b502122f54dc6a0655,홍대클럽거리,440,781031,홍대,substring
82f6ac7bd0d46cb6f45efbeadba3eb46,카페폭포,410,2996477,카페 폭포,exact
7be1b2c3efde654f5b8acd7cae396650,임피리얼팰리스부티크호텔,170,142771,임피리얼 팰리스 부티크 호텔,exact
6665cdcec76ce515ff4b6af28343980b,춘향미엔,200,2845187,춘향미엔,exact
615c8388ac98a657c37eeea0667314df,효면옥,380,2846705,효면옥 신사본점,substring
58d3a2f47af6fbefc006ff7423d26aff,가막골흑염소,500,2849631,가막골흑염소요리전문점,substring
c0756528660784fefb61a09c74f29a2f,우이시장,305,2741590,우이시장,exact
d33c13ffda45959f62863fabc12896b4,망원시장,440,2499807,망원시장,exact
ee690f8a0eb4937c6579397d051c92d5,두산아트센터,110,129734,두산아트센터,exact
762f425144734dc951c7cb86024e687a,브레라,140,2854009,브레라,exact
69b25f53c4371b0534059342a475a77e,오근내닭갈비,170,2745550,오근내닭갈비,exact
b35baf66f56313e6033cd1969ca7f85c,경동시장,230,948730,경동시장,exact
775c61c26ccfd36838db01794d0cf643,코리아나호텔/서울,140,142731,코리아나 호텔,substring
ace374ed3cdcfb351e543657598e8e42,마포농수산물시장상인번영회,440,2773407,마포농수산물시장,substring
c0b3dd9139d1ceff632c260489dcba9d,명동충무김밥/명동점,140,264311,명동,substring
ea46c642f9a17c594ececca15acbfa14,응봉산팔각정,200,1874105,응봉산(서울),substring
2192e2b4098b707b9cafe500f12e0498,르한스,290,2757730,르한스,exact
19c56a677ed2121ca587a9351ec529c1,강촌쌈밥/평창점,110,2847165,강촌쌈밥,substring
cafa52207fcf6e8e7e362de4137f9e08,한국교회100주년기념관,110,2759941,한국교회 100주년 기념관,exact
4d81305df4da908774f403c031faa795,하이디라오/명동점,140,264311,명동,substring
2b31231c9cb35ee593e1701286d7bc1f,난지천공원/인조잔디축구장,440,2784060,난지천공원,substring
75a3d0f2eaad6b5d7e5218aea1ad6ebb,홍난파가옥,110,945987,홍파동 홍난파 가옥,substring
8e807b3965f968e95cc8821787a1a5f7,수국사,380,127219,수국사(서울),normalized
1c13a740dad47053583037adfcbe07b3,남해바다,440,2853837,남해바다,exact
20f85a1ba097939dce3c662dd7ddbb8a,보문사,290,316104,보문사(서울),normalized
fc8e1882696a24b4cc09c5f6be86f5a1,황학정,110,1604450,황학정,exact
b2760c05df9af068fa405efd44375ca1,흥인지문,110,126514,흥인지문,exact
0731313151da8ac1018be2dd29c4913a,자하싸리집,110,2902597,자하싸리집,exact
105b68b0f0c82e088ba4e6c892c32c17,방산종합시장,140,132241,방산 종합시장,exact
75ea7a70dc24012a94bc473c917e0ef1,광희문,140,129502,광희문,exact
8fff9f9a3e28a75ae89643cebf65235c,보광기사식당,170,2859974,보광기사식당,exact
d0b946238a0a28efaa61e0cbfae39125,누죤패션몰,140,987071,누죤패션몰,exact
27dd1a629862815bbf4ecffade3d6e10,성수베이킹스튜디오,200,2894319,성수베이킹스튜디오,exact
17fa13c5f566918730f0f1d8a2ac2759,금남시장,200,2743748,금남시장,exact
0d5f91cb0027ade9747337ca19877d02,국립정동극장,140,130353,국립정동극장,exact
7623e64fdbdae4abbe85d2b9c7004026,대학로자유극장,110,3012777,대학로자유극장,exact
ef72b4549aa67dfd8ca973ed4f2cbfa4,서울돈화문국악당,110,2469662,서울돈화문국악당,exact
23ae46ea59178ef83f1b3b0265051ef2,정동1928,140,2762858,정동1928 아트센터,substring
a207c77307ceb6043def9626555c899f,트레블로지명동을지로호텔,140,264311,명동,substring
7bf781b5f5c20562ff2a5b9df38210fa,보조경기장/서울월드컵경기장,440,131712,서울월드컵경기장,substring
b870bf8c6384e37caa218206d4fc959e,쁘띠몽드/경희궁자이점,110,126484,경희궁,substring
c62e0cac80e1d4716101a6aeb496545e,우림시장,260,2759990,우림시장(중랑),normalized
45f4bd6c8ec9531cc30ee8b86c4fc8ba,AK플라자/홍대,440,781031,홍대,substring
967664f5c4e7dfaab3fb3ade29522948,낙산냉면,110,2847196,낙산냉면,exact
fe8dd3a11cfa4213c671d80ca5f4f033,스타벅스/경리단길점,170,2930839,경리단길,substring
14a70814e1c8e37a021e7379b4b36ede,피오니/연남점,440,2848973,피오니,substring
5d2c61f36d86fcb541df24f1c4252b2f,월드컵공원,440,128021,월드컵공원,exact
1f3b64cfd0b3e27324470cef2ba21eb5,동대문디자인플라자/디자인랩,140,2470006,동대문디자인플라자(DDP),substring
373a7c954519b87ac886cc32d13fbfe8,진고개,140,133346,진고개,exact
f8ad3f3ae31e27cd12704723298b4262,머큐어앰배서더호텔/홍대,440,781031,홍대,substring
4a729236dd0ada1774a4edd9759396dc,서울한방진흥센터,230,2692910,서울한방진흥센터,exact
0d403717613936fb345f88c568758b28,메가MGC커피/명동입구점,140,264311,명동,substring
1cbc07c7cecb0e4cc3c18e9c0367c095,트레블로지동대문호텔,140,2725087,트레블로지 동대문 호텔,exact
6ef4760913e490eb46a3df02d0da1d8b,이화여고100주년기념관,140,2762871,이화여고100주년기념관,exact
9aefe995dde5c90400ce24412ab1d1f6,화목순대국/광화문1호점,110,126512,광화문,substring
9205f8fb48a5e7502bad90d762d59472,호텔스카이파크/명동2호점,140,264311,명동,substring
a16dd59a84e34c61bd9cf50517373bea,성수동카페거리,200,2930901,성수동 카페거리,exact
15efadad7f9b4d5481f9fb67d0728625,보코서울명동,140,3395428,보코 서울 명동,exact
bda5892432acee9ebb861ac73079f9b6,대평갈비,110,2685295,대평갈비,exact
9dd951f7e743268a7b86843f079d665c,리치다이아몬드호텔,305,1990929,리치 다이아몬드 호텔,exact
8894f79f6dddbeac78dc671bfb39e053,정릉,290,127616,서울 정릉(신덕황후) [유네스코 세계유산],normalized
625cb5cb7e2406852b648d293a86ca31,청량리청과물시장,230,2759652,청량리청과물시장,exact
dd0ed67fa62e147aae4af9e39b5cb4b1,금돼지식당,140,2778424,금돼지식당,exact
36ba87e484ce716acb8154a0fdb27c5b,배재학당역사박물관,140,1198901,배재학당역사박물관,exact
96a3e5f95efb2bdcb1353b380759c08c,서소문역사공원,140,1605977,서소문역사공원,exact
8eae05ae5f7dbcf2f8f8dda778ebc396,중림장설렁탕,140,2914068,중림장설렁탕,exact
30fc897cb4f9048ae4d2349ac1dc83f0,호텔마누,140,1876565,호텔 마누,exact
5c848a204d72cf674c6e44cac3719643,장안정/본점,230,2842930,장안정,substring
f754ef3a205553ed8eb36274f8ac251b,평양집,170,2837937,평양집,exact
d5ac5ec514f3d84a9996b1e1a41d03fe,왜고개,170,2758125,왜고개,exact
bffd0656d9564677213c4be8f488f349,서울도시건축전시관,140,2638478,서울도시건축전시관,exact
64d33643168aaebfabb468b5eee366fa,서울시립북서울미술관,350,1866427,서울시립 북서울미술관,exact
58a12ccb6faf43d77e4b3c1dbd623ca9,갤러리현대,110,129917,갤러리 현대,exact
530f6f830808ee8579686e29ad453f8a,한국가구박물관,290,2554064,한국가구박물관,exact
82c759cb1c89f355322e15070aee9a41,쥬에,170,2836098,쥬에,exact
6fc03ade984b03eac1801b01b2417881,아리랑힐 호텔 동대문,290,2370202,아리랑힐 호텔 동대문,exact
b2a58eec629f81b23b20b14d425387cd,용산전쟁기념관/어린이박물관,170,130431,전쟁기념관,substring
4f664a8b67e1025fa584afab9a2a1ef6,갯마을/한강로점,170,402897,갯마을,substring
ec89d3d24702aa69f837de742baf3a42,마포양지설렁탕,440,2841742,마포양지설렁탕,exact
c90c1c11b317546f4655810c397486b0,부영각/[중식],440,2914806,부영각,substring
c2ec70134fe3edfd42a43c4bf9dc1d1a,인현시장,140,2522037,인현시장,exact
2f8874273a7bc2e2454532b9de7e5ca2,장충단공원,140,126491,장충단공원,exact
71003cb13f78b23f1450bff5f23a9bf6,N285호텔인사동,110,264353,인사동,substring
0460d73fd1d4379751ad735813e8b6de,종이나라박물관,140,130464,종이나라박물관,exact
c2f5bec09790e230d6426941b51d01ee,방문자센터/북서울꿈의숲,305,822384,북서울꿈의숲,substring
8e52f93f0d9cbd4899f4a7974458f5ac,수협강서수산시장,500,3520691,수협 강서수산시장,exact
54db2d0e684927d49ca4457ac902b5a1,마포농수산물시장,440,2773407,마포농수산물시장,exact
dc729e5ebacf8d2519c3b36cd7a708e4,응암시장,380,2745621,신응암시장,substring
e05bde82d043b39ee33a816e48e7a569,성천막국수,230,2630325,[백년가게] 성천막국수,normalized
13deabe25d0436647347427600a789be,SL호텔/명동,140,264311,명동,substring
e025719be35fdfe1b2359820af330289,피크닉,140,2762842,피크닉,exact
26af902a61449d26105850414d319496,서울로봇인공지능과학관,320,4060676,서울로봇인공지능과학관,exact
bf62b78fd6e3e4c0d232fa79a4f1d40c,한국우편사업진흥원/우표박물관,140,660640,우표박물관,substring
0f1ac8241f798728b5beec43ff4405e1,마루샤브스카이/홍대직영점,440,781031,홍대,substring
2c20a32898e837090df21ae59523a110,스타벅스/뚝섬한강공원점,215,1030763,뚝섬한강공원,substring
5773577b1aa8d4aa78ecdd25a5852f22,메이필드호텔/서울,500,143066,메이필드호텔,substring
4c259dd1d968533026e3c9a60cc4c34a,서울숲,200,128611,서울숲,exact
1f876c6914509f74c4141c3c1a39a269,우동카덴/연희점,410,2900221,카덴,substring
6102dc08237e9e0106d3f3e604e1e449,황학동벼룩시장,140,273746,황학동 벼룩시장,exact
e79bde78cf8c5b18b4155cbcae8c6a3b,서울풍물시장,230,1754832,서울풍물시장,exact
e60a23a15649b0b9840eee3691ec242c,훈련원공원,140,1605966,훈련원공원,exact
9d58042af96868b01de11722f6a2975f,망원한강공원,440,1059638,망원한강공원,exact
46a79bfa063a2925e48fb79a22501aad,몽탄,170,2815118,몽탄,exact
cb76424200b461b4db792f0fbb94e9c2,용산어린이정원,170,3400843,용산어린이정원,exact
ab869efa5ec8044c7873affee9fa9226,이촌동면옥/이촌직영점,170,2837921,이촌동면옥,substring
09b13816bce6705b422fc4e03e209f80,이촌한강공원,170,970636,이촌한강공원,exact
34800e81f6c13762a6db7d56b265ff9c,홀리데이인익스프레스/서울홍대,440,781031,홍대,substring
58baf8648ed1557a5e5737b837ae38aa,아모레퍼시픽미술관,170,2773303,아모레퍼시픽미술관,exact
4d7ec945605cddd15ef56bfb49211560,강서면옥,140,232229,강서면옥,exact
0452ca1491dd69a1ebf79c2e1cb09fea,치즈플로/한남점,170,2860052,치즈플로,substring
881228037d3e310f37aad3dbe63c9f6c,라망시크레/레스케이프호텔,140,2586384,레스케이프 호텔(L’Escape Hotel),substring
7056ca49b4efff4f242ad7f4ad684763,남산야외식물원,170,1603482,남산 야외식물원,exact
0ff72a1c70b8c9ed959c6bc9a34877ab,THE22남대문베이커리&바/코트야드바이메리어트서울명동,140,264311,명동,substring
6d90ad8979e581ffa649eba19ff41f4f,노들섬,170,2638475,노들섬,exact
c99b0c5098ab8e47556dc91b93aa04c7,노들섬/복합문화공간,170,2638475,노들섬,substring
308f8fa93370aa3ba4dbc33370782247,스타벅스/망원한강공원점,440,1059638,망원한강공원,substring
d09b874d48a8ca04e572c4cad24a7b2d,난지한강공원,440,127859,난지한강공원,exact
f8eaf0804e9b6bd02c3c53a3addfc4ca,백년손님,170,2856443,백년손님,exact
d965b71190b0ebe2e36f651caac10f2a,성수족발,200,2373394,성수족발,exact
719e58ad7eb7549fa9b0fd155160d62d,단비,170,2852009,단비,exact
e32c668a30b563de4a999f3223f72a7f,하늘공원,440,2654607,하늘공원,exact
8ff530d8e8cee128286e7d27a78539a9,신아기념관,140,3396128,신아기념관(서울 구 신아일보 별관),normalized
444e3bc1f8f786ef616af026c1d5fcba,전쟁과여성인권박물관,440,1907518,전쟁과여성인권박물관,exact
64568abdaa3447869710b897984295ae,단박왕돈까스,170,2851986,단박왕돈까스,exact
a6826f6197f338e2c0d8336b6973eed3,고봉삼계탕/광화문점,110,126512,광화문,substring
8ac8842e8c6b6842dd1975cb77b53595,노원기차마을,350,4077758,노원기차마을,exact
645861fa21858a25ebd7ba552ee472f4,용산역사박물관,170,3075429,용산역사박물관,exact
d16168c78f21a31d32bff24bf3dfb482,흑궁흑염소/광화문직영점,110,126512,광화문,substring
34552eaec4dc65b7dfce77ea744be29f,호텔나루서울엠갤러리,440,3336831,호텔 나루 서울 엠갤러리,exact
42ebdcf5ae6f0772df2e18d0fab4047b,황금콩밭,440,2709706,황금콩밭,exact
0ce156c4dab6e14326ef1cf63551d6c4,신성각/[중식],440,2914979,신성각,substring
f3e805aa5152dd56293bfbc96bc4761f,도선사,305,126502,도선사(서울),normalized
ea44b3b0bb733be59319c5ccd0c49b7d,서울함공원,440,2661506,서울함공원,exact
80faf829219f2e544860970b32281c3d,동화상가,140,2762868,동화상가,exact
702d5dfeafc0cd6bd9d90bd1f1f1919a,굴다리식당/본점 [한식],440,2914768,굴다리식당,substring
5ad4c696e9190323073dbfb691b85a76,채그로,440,2741499,채그로,exact
088c10dbea6dcbf05c2620e3a51da985,할리스/명동역점,140,264311,명동,substring
0a52307419cd0bea68f7de6cdcafc36e,망원유수지체육공원,440,3062089,망원유수지체육공원,exact
8570e8b7a265058a6c28f6fa4da2a208,식민지역사박물관,170,2605803,식민지역사박물관,exact
0010d1f00478f68455fab71af6532c1b,삼청각/일화당,290,2685594,삼청각,substring
0646b44c6e8208ce47fe1e0851f5079d,문화비축기지/문화복합공간,440,2553929,문화비축기지,substring
7577fe65e18dcf2ef3d208750d506ab6,용산가족공원,170,126499,용산가족공원,exact
d583efd1c6578da7ddccb18e122cef18,블루스퀘어우리은행홀,170,1439094,블루스퀘어,substring
7d6ec12431eaf2098664b8c543aecbe9,청수당,110,2902634,청수당 베이커리,substring
47640fdcee3764336f0406a6bb7145b4,어반플랜트/한강대교점,170,2024964,플랜트,substring
29577ed9bc92c7b8ad3dd4ceae67a11a,노을공원,440,2733971,노을공원(서울),normalized
17a7705883720e61b91e1468ed39e935,이태원시장,170,1253279,이태원시장,exact
baf9d243a1c9a9ea5f745c5d4e8ad7d9,오만지아,170,2758130,오만지아,exact
f75c7042b28a89738f7adda8aa1ccf96,삼대할먼네떡볶이,140,697234,삼대할먼네,substring
c336796f7044be996c3f33bc7878e670,이태원앤틱가구거리,170,1019182,이태원 앤틱 가구거리,exact
283ffbaaeb30ad74f67ca5d7bc8a0a23,크라운해태키즈뮤지엄,170,2451912,크라운해태 키즈뮤지엄,exact
0a86419e80941ca3cc211065778910d2,송림식당/[한식],215,2373384,송림식당,substring
67e65c867622e4544b73425560ac2d22,잠두봉더나인,440,2761653,잠두봉더나인,exact
748e53667cd9fec448e097447e252a25,후암시장,170,2760240,후암시장,exact
a2ef93b440b6387d110d0f2c371078c8,정릉시장,290,2758180,정릉시장,exact
ef8a4714a47ab71f7156441056b8a476,국제갤러리,110,129918,국제갤러리,exact
2ada1d4e371f2ed2d047a92253b3c4c4,나인트리바이파르나스/서울명동1,140,264311,명동,substring
f3b149b1e5455982cbd525de2af07012,서산간장게장,230,2842749,서산간장게장,exact
c3e4683464ddb08f070c483807745195,목시/서울인사동점,110,264353,인사동,substring
4316207ec89359b3b704cf6abe57053b,신성종합시장,215,2774440,신성종합시장,exact
ff2c1d889f28d581a191b2bc1d69e73e,달맞이근린공원,200,2741117,달맞이근린공원,exact
f65a0facea2f3816f585abf1ec97c5b4,뚝섬한강공원/수영장,215,1030763,뚝섬한강공원,substring
9feefab4abb81a14e5c785e35c03b12e,오발탄/서울숲점,200,128611,서울숲,substring
dcb9401c1b2489e806f753c3db60461d,포방터시장,410,2751441,포방터시장,exact
7109c643636a0b6a6cd1fbdcc50165d1,노들섬공원/공사중(2028년 완공예정),170,2638475,노들섬,substring
29f78ee82dc2886aca0ef8daf09c04c8,우리집떡볶이,140,697400,우리집떡볶이,exact
50be9916d831e322727e7099dc47ec6c,피자힐,215,2832942,비스타 워커힐 서울 피자힐,substring
5cf6e1251b78c733f9e169464867f043,큰대문집,290,2839337,큰대문집,exact
7dd71a1a0a148b98b97a1fc9d1c17458,미타사,200,309302,미타사(성동),normalized
d67a337548ab3fd2f8af4468dfe5c78e,로얄스퀘어호텔,500,2634434,로얄스퀘어호텔,exact
a771f3264569714c9548ca8abeff4661,수성동계곡,110,2733962,수성동계곡,exact
d9bf90564b09e7044d4025dc2bcc2dcb,청량종합도매시장,230,2759661,청량종합도매시장,exact
bbe6910dcd4a9b0b18c6d90bbdfa6dc7,풋볼팬타지움,440,2488359,풋볼 팬타지움,exact
98f242e5ddc10fd4d0eaf738ee59407a,삿갓봉근린공원,350,3006983,삿갓봉근린공원,exact
0e15798a3156acba12d71c84a2dbcfff,응봉체육공원,200,2757822,응봉체육공원,exact
e7cad0cdace505386e0728748b3dfee5,화랑대철도공원,350,2654601,화랑대 철도공원,exact
560a11783984457c85604f86fadf6ea8,서울생활사박물관,350,2638474,서울생활사박물관,exact
65b9441df1215e3018fc566fdd820d00,일미락,200,2845075,성수일미락,substring
7e5840875a3cf8a3fbd149594428e9b7,긴고랑계곡,215,3060915,긴고랑계곡,exact
e8bc14457451aaf29bc9c98a26586c73,KBS아레나,500,3076141,KBS아레나,exact
d4ebfc1142dd4fbe0d0d4adb1c344c0e,성수동대림창고갤러리,200,2707938,성수동 대림창고 갤러리,exact
a56bc7d0bbd7a6e9790c8885fdade008,모두예술극장,410,3082176,모두예술극장,exact
ab3f9e6383fc6f84179de7fd83ba2a67,난포,200,2843520,난포,exact
7f8924c0b17638e925bd6718de79cf01,인생한우,200,2845150,인생한우,exact
82d95c514d9296a29ad882711fce4da2,풍미연,350,2834821,풍미연,exact
275f28c5226e745ca848c45797c15110,한의약박물관,230,231977,서울약령시한의약박물관,substring
d014603f6b67a40a64eb6c3a2b7248b7,긴고랑공원,215,2756575,긴고랑공원,exact
0986999ea9dcc2e1a84a65d695e13314,마곡실내배드민턴장,500,2755467,마곡 실내배드민턴장,exact
3e96b13deafa531029eecb91f085a2f9,서서울호수공원,470,1265735,서서울호수공원,exact
bb4f70ca94482f73595357423d7e8a37,살곶이체육공원/축구장,200,753994,살곶이체육공원,substring
90b1b2edb51d984fbc123bc4265b4b24,용마폭포공원,260,126825,용마폭포공원,exact
199037690566bbe06679fed1fd142a72,디뮤지엄,200,2704340,디뮤지엄,exact
7ab74f399a0113115a0cfdb4af55ca15,커먼그라운드,215,4008822,커먼그라운드,exact
02e0ed58e0e6f56896f206a6fd9024e8,누디트/서울숲,200,128611,서울숲,substring
f9def64e76978fa7592b29cac5ed8caa,서울광나루안전체험관,215,130938,광나루안전체험관,substring
4bfd2b7611d700d9188a47faf5004e80,영화사,215,337546,영화사(서울),normalized
f3e049c1eea684aff4c2b15c89a2f9ce,빛의시어터,215,3085292,빛의 시어터,exact
b3c3b9a56339baec4f9723f29e7ea9c8,성수낙낙,200,4025741,파타고니아 서울성수낙낙직영점,substring
94193e5f17ecc4599515c920b291fa4b,장군갈비,215,134039,장군갈비,exact
6c162c1ac4c6905265a67aaedd0030f6,멕시칼리,215,2824947,멕시칼리,exact
ca1a26ce81765cda7560b4443262501f,상계중앙시장,350,2758191,상계중앙시장,exact
b04525381f8ed53e25949444442b9247,아차산,215,129552,아차산,exact
a5a5c191c26d94c7e5653a6752b20c56,현대시장,230,2759669,현대시장,exact
160bf31d8a991cecf482ceb74ce2d780,어울림,215,742972,아차산 어울림정원,substring
a26436254998575e8421b54cb98a6078,버거킹/아차산역점,215,129552,아차산,substring
1ccf01201d85b32c0e53615d5113b5ce,푸주옥,470,2758120,푸주옥,exact
ab89713acd7fa908cba0a38d75948c7e,원조할아버지손두부,215,2838474,원조할아버지손두부,exact
dbb8a94da8d7a1a6378daf3420650965,다락원체육공원,320,2764354,다락원체육공원,exact
503dd4733ff717230788ed0d32391e6a,아차산어울림정원,215,742972,아차산 어울림정원,exact
c294156646f6be60e78744bd26d99971,짬뽕지존/아차산역점 [중식],215,129552,아차산,substring
f1b94cda615f0df29dbfe6462524715d,더그랜드호텔/명동,140,264311,명동,substring
fe3c1b7d87b4ded50a7142611922cad4,동대문종합시장/D동,110,132200,동대문종합시장,substring
c717e34729be0359426c26cc3dd561b6,명륜진사갈비/서울아차산역점,215,129552,아차산,substring
9c635bc792125e89a380992e5bd1458f,나루아트센터/대공연장,215,130699,나루아트센터,substring
942f21941c4251dc53fa4ebcdb79b4eb,서울렉스호텔,140,142979,렉스호텔,substring
a602262665c59f5d2bfde705e63616a7,이문면옥/광화문점,110,126512,광화문,substring
394a09f944ec17ed7658d42dc20cc9b2,키즈오토파크,215,753850,키즈오토파크,exact
02699378c60e0b7d4247eba11d63e895,한강플플,215,2757145,한강플플,exact
e13caa31a16a2a8ba3c8e29f36ce6f9d,남한강민물매운탕,215,2840211,남한강민물매운탕,exact
dc13831ba6e8bb3f3ab0bcee1f29aac6,간데메공원,230,2763807,간데메공원,exact
fa107aec5d998d9bc8bcb5b054869674,애슐리퀸즈/롯데백화점청량리점,230,2911584,롯데백화점 청량리점,substring
d624bef8076b5fa147510a5a797494f6,개운사,290,126501,개운사(서울),normalized
0a1bbe984f08cd4f6c9efe8ccff7b289,청량리수산시장,230,2759634,청량리수산시장,exact
b47cf475acb39dfc3aeb48e871ec06ca,평화시장,140,132182,서울 평화시장,normalized
ff7af795378630fe06e88b86b8abc26c,양천옥설렁탕,470,2852850,양천옥설렁탕,exact
4496e6ca9b4f56dc730d4dba2ecd8c07,은하곱창,230,2834984,은하곱창,exact
22dc7326437242fc032e1681057a6642,알로프트호텔/서울명동,140,264311,명동,substring
830a042f566a41072ea7f5db00b8ee87,부민옥,140,2788819,부민옥,exact
022504716fa1527ff0365161da5752e8,중앙감속기,200,2895042,중앙감속기,exact
20d7bb989c2c8b2df9a472f4dcb16f5a,정백어가/광화문피맛골본점,110,126512,광화문,substring
3f080ff708ee964e94db6aad7d779ce2,대보명가/서울본점 [한식],305,2834736,대보명가,substring
5781d61647f07cf17322481c8d459b1f,흥천사,290,126506,흥천사,exact
35c05806b444a547830bd636d9cc5868,허준박물관,500,130552,허준박물관,exact
18039cfe603a4d8256eebb98bd6b3f1b,영휘원,230,126527,서울 영휘원(순헌황귀비)과 숭인원(이진),substring
dd253446de5482c26ab2d0061a89b0e2,할머니냉면,230,2842974,할머니냉면,exact
6ada23be114e343b619646b64925e32f,태림산채정식/[한식],320,232242,태림산채정식,substring
ddc50d2f0e838f6fd4f276146776b5f3,소곤면옥/양천향교본점,500,127215,양천향교,substring
1bdcdbfc2ebe1646f9db63de056e3c18,장안근린공원,230,2763675,장안근린공원,exact
ed247f7af906311dbe910c58ace0073e,의릉,290,250396,서울 의릉(경종·선의왕후) [유네스코 세계유산],normalized
e1a67955878ca8411c3ca4eb71bb64be,용마해장국,260,2836182,용마해장국,exact
72d08012e8f49a495eaad22312b5eacb,벽운계곡,350,3006899,벽운계곡,exact
b96ba24e2bcae69a2daaa92cdc5099c4,강서농산물도매시장,500,2741626,강서농산물도매시장,exact
32dbf0c008807894512e1e51fcf32d7d,청수장,290,2839306,청수장,exact
1295438435573296b2390e8494420b65,고른햇살,290,2839061,고른햇살,exact
294cd41f6212dbad0a590a7edd53724b,성수연방,200,2745594,성수연방,exact
4154ff78e6e64aa1464f9f5bf6b8333e,로운샤브샤브/롯데백화점청량리점,230,2911584,롯데백화점 청량리점,substring
181e4372c4c08ddbfde75b8a6ac7c4bc,더퍼스트스테이호텔,500,2528110,더퍼스트스테이 호텔,exact
8ec7a3fe24edc79e3bfd6a558d8c15d4,청량사,230,482126,청량사(서울),normalized
ae423c89dfd8948d6d585ff09c65b041,역촌왕돈까스/역촌본점,380,2845679,역촌왕돈까스,substring
8cf2850060e8d3b44a8c020e0e6e92a8,극락사,260,1606052,극락사(서울),normalized
23b16fd12e6104dec12440fdb92e1e76,사가정공원,260,1117141,사가정공원,exact
3b3f866876bb44f05bba756cbbc3dd15,삼룡사,260,2774468,삼룡사,exact
79e059db7d8dac569b12c8c76c390289,중랑숲캠핑장,260,2709615,중랑숲캠핑장,exact
1312494e515d1d0ffd35048b30901ebc,태릉시장,260,2761478,태릉시장,exact
95fcd4d9727edbaf1a490c3edb0c157a,용두동복집,230,2842887,용두동복집,exact
b7c11f913f1d6264959fd0461b1a42c0,상봉역,260,2930782,올리브영 상봉역점,substring
c75f62891338cc5827d3e8452b78cd9e,카페252,260,2836188,카페252,exact
0d47a9b94e6d0d7455ad5c688aa1c21e,수유중앙시장,305,2741594,수유중앙시장,exact
db6e40307098ea431b48906fad4e9294,공릉동도깨비시장,350,2743742,공릉동도깨비시장,exact
e407ca38e58f8a1f36c143bdd0f191d5,수락산먹자골목,350,126483,수락산,substring
252ae6e486c7283bd84f80750132bad1,용마산스카이워크,260,4054619,용마산 스카이워크,exact
f8c32a4407876cc3fa3a8c92a80a9007,간송미술관,290,130511,간송미술관(서울 보화각),normalized
a22a1ee87df4f782616fa108c3883c2e,삼청각천추당,290,2685594,삼청각,substring
ba66b02be25c49dbc407a3c97ecbcfaa,우이산장키토산오리집,305,2755472,우이산장 키토산 오리집,exact
561c3e7347355ca9186ec25b8c820e0b,경국사,290,294505,경국사(서울),normalized
0997fee1c5ab76015ea95c4103e1e325,성북동돼지갈비/본점,290,1288970,성북동돼지갈비,substring
561eab21fcb0c98732cc45c92432b737,수연산방,290,1664105,수연산방,exact
1c4331b1d1f6720bf6736fc9afb440c0,성북동집,290,2495918,성북동집,exact
6c6a6b20d188c297335d14cd36471173,성북로,290,3044120,성북로,exact
f52552e9745eafcb778280114634a5f2,라세느/롯데호텔서울,140,142729,롯데호텔서울,substring
f4f9e6f00f2d4e5a3589994e3021afac,삼청각한식당/[한식],290,2685594,삼청각,substring
caacf0d05992a1b1ed8414bde7633c8e,명문막국수,290,2495458,명문막국수,exact
0e474346612211b8ad0931880313522f,슬로우파크,110,2902217,슬로우파크,exact
86654aa91382ffa290d510f1d2dd3353,길음시장,290,2779456,길음시장,exact
64e7ed6f6d22fccf9169eb9f08c8ec6f,그레도제빵사,290,2839324,그레도제빵사,exact
34c0dfaf71d9a6232ff895415ec978c3,밤나무골시장,290,2773408,밤나무골시장,exact
a9a5c87ba26af1f218a83fccb0dae6cf,법안정사,470,2751294,법안정사,exact
f4a9f13680a33c1f1646aa25ee458b08,봉국사,290,316295,봉국사(서울),normalized
9dccc5a64299271edd9d9be750277cea,찜집/본점,260,2851810,찜집,substring
e3356ccba5049d9dd7b8c9a74ae79fae,청수장,290,2839306,청수장,exact
1facbfcd79c40a4f9d6c3e441f89f798,옥류헌릴렉스,305,2838291,옥류헌릴렉스,exact
0650414961c71b2d4542383fff0bc719,무대륙,440,2900390,무대륙,exact
216ebb9efe2e02ec36366af004e76bcc,옛날중국집/[중식],290,2496493,옛날중국집,substring
29e587b81043b232cfbdd0121ba8fa15,홍가네풍천장어,320,2842665,홍가네풍천장어,exact
bca72ca5920938ace037c37f38dd97dc,장위기사식당,290,2839266,장위기사식당,exact
8e417e442b09616c63be03742b1af852,사조참치/본점,410,134686,사조참치,substring
642bd3a5c2937a9715677ac8d9837758,오목공원,470,2611735,오목공원,exact
0b62f9dfd04477d42040c48265af8309,정릉아리랑시장,290,2758176,정릉아리랑시장,exact
1accc1e2cc7156e462e46750227bcdf2,김영섭초밥,440,2853997,김영섭초밥,exact
0807ab668cb64682e594c6b6f9e427ab,정법사,290,479778,정법사(서울),normalized
fdba3aa299ad31b2edaead41a9b15a39,산도토리임자탕,320,2009928,산도토리임자탕,exact
17933a42a76ff96a986b5d16736701ca,불교중앙박물관,110,3013284,불교중앙박물관,exact
f6510c773e75491b32dd7a9539d587da,대문한정식/[한식],320,232241,대문한정식,substring
cce8231f8c508d46f3b571b51d1bd0d5,이설함흥냉면/수유본점,305,2840206,이설함흥냉면,substring
e62940b0ab9a1cdd1f508437d5edf78a,한옥카페선운각,305,2832918,한옥카페 선운각,exact
6c6e16a196c4ccddbd0f7c61a86f16d3,삼천사,380,127557,삼천사(서울),normalized
642b3c7fc1e9936004a929e92d907cc0,보광사,305,315921,보광사(강북),normalized
87acdc6ed54d0f76a00532789393c629,미림산장/[한식],305,2840174,미림산장,substring
ced92b3f49f3e5610be30b575c5390c5,다래함박스텍,305,2755513,다래함박스텍,exact
646d5803b6812142154c17198cc9bb57,상상톡톡미술관,305,1106194,상상톡톡 미술관,exact
3dada998823fa0a33181a63f2b1c2d3b,호텔베이204,320,3080102,호텔 베이204(Hotel Bay204),normalized
e7854c71850dfa456af630858afc062a,투썸플레이스/북서울꿈의숲점,305,822384,북서울꿈의숲,substring
fafd33bb977b0f341a4ce19823952464,수락휴,350,3504884,수락 휴(수락산 동막골 자연휴양림),normalized
ca29fde137575fc8d83c0485b54c5654,증산체육공원,380,2758161,증산체육공원,exact
d34425711af9833cf3017aee9e3b6df3,서울시립과학관,350,2989541,서울시립과학관,exact
9733c6719dc28ffcf347ad233aceb5c0,윤극영가옥,305,2777943,윤극영가옥,exact
276ed821fd93a33c97d7f320d3c82a07,수유손칼국수,305,2838259,수유손칼국수,exact
9f92793750718b8bd825ef906431b779,서울창포원,320,749216,서울창포원,exact
90b1b2d6b645115aa3da376d5d9e481a,무수옥,320,2832803,무수옥,exact
7677155c580aabb908569673f7dbde13,평양칼국수,350,2842597,평양칼국수,exact
a358bcc5b6e1340b2cdb6a51f05b1132,수락산시래기화덕생선구이/[한식],350,126483,수락산,substring
3fbfe55f92e0e98ed1236eaab664cb68,도봉산양고기,320,2832791,도봉산양고기,exact
62123ea607ac0002d7945eb92d594b8b,무수아취,320,2781508,무수아취,exact
55d0ae9752e58f4d4b96bade558e08d4,이화김치찌개,260,2847943,임현숙의이화김치찌개,substring
4ad6b86a9bef186d71821ca7eb653589,옛골토성/도봉산점,320,126481,도봉산,substring
5156369ca2bc1a8a9d480522f51c8acf,불암산스포츠타운,350,2763827,불암산스포츠타운,exact
4c54ced43b2b19d8281e1885dbe1fb96,도봉산,320,126481,도봉산,exact
c4119c74a433f4e94752b6d2418e8012,둘리뮤지엄,320,2033802,둘리뮤지엄,exact
da006c22ceac98116949fd0fa988153e,성북구립미술관,290,3058449,성북구립미술관,exact
02f37930a4ca638e30699f33f5d6a53b,서울시립사진미술관,320,3499568,서울시립 사진미술관,exact
ab78956947b958652945272c1e385adb,노원천문우주과학관,350,2745731,노원천문우주과학관,exact
acab8efa7ec85d74b68950028f889de9,응순가재골수제비,350,2834768,응순가재골수제비,exact
d10ba4fd9b84c98e24da901ca27850a2,헬로애니멀,320,2763818,헬로애니멀,exact
d116a07fe8f9aa9f82fd721939bf8cc1,한국미술관,110,2739479,한국미술관,exact
82d125101dbc749f69d75713ae7d0727,서울새활용플라자,200,2553908,서울새활용플라자,exact
51fa628e45e85b33e3b5d1933023124c,동양찻집/수락산점,350,126483,수락산,substring
4a47f59a04e6eac12cc2a22f5788ea3e,투썸플레이스/도봉산입구점,320,126481,도봉산,substring
2777960665930f2912418c432c6d11d1,다락원체육공원/실내배드민턴장,320,2764354,다락원체육공원,substring
4cab53f3852a85f53cbc3e0ecb55c35a,평화문화진지,320,2648051,평화문화진지,exact
944c42882f4acbf271fa40e9cd83dadf,돈암동아리랑고개,290,3060927,돈암동아리랑고개,exact
6755d04b401ce8bc8606d5ebe6e50043,애슐리퀸즈/엔터식스상봉점,260,2907469,엔터식스 상봉점,substring
951a8adf9feef5ce80b218e33b010b74,화덕으로간고등어/수락산점,350,126483,수락산,substring
45f76300627efa6a971d35ddb74e146f,이오냉면,350,2842458,수락이오냉면,substring
c758b19e41fbd8b67f557a20f9c4b7bd,노원수학문화관,350,3349668,노원수학문화관,exact
bc52aaf6f39d571869716e7cc1ab94a6,우이동가족캠핑장,305,2908314,우이동 가족캠핑장,exact
b06c91b81cd2c436fef9868a38352d00,수락이오냉면,350,2842458,수락이오냉면,exact
c50bb984369674a79d3b2e203f28fc8e,백련사계곡,305,309307,백련사(강북),substring
865b5ae2d20ba28823213c984d2dd4a9,도안사,350,750863,도안사,exact
55d5ffb55cf3d90a4ed8e1f0660e3bae,명륜진사갈비/서울도봉산점,320,126481,도봉산,substring
af1d60ef4d134b54b9af74626d886d43,불암산힐링타운,350,126482,불암산,substring
5b41b57a08ee258e7e8ccea0676dd6e6,수락산당고개지구공원,350,736370,수락산 당고개지구 공원,exact
1489cddbd4cddef0df223e0b9c85f8ed,아웃백스테이크하우스/롯데백화점노원점,350,2908261,롯데백화점 노원점,substring
32ab09fc2bcbf9ef86e636a547792a8d,수도박물관,200,2453996,수도박물관,exact
2790ba115f8b2dbf084e22bf3e83f031,애슐리퀸즈/이마트월계점,350,2930715,이마트 월계점,substring
915c412927b2c99a3007030e4a4c77f6,서울성북미디어문화마루,290,2773558,서울성북 미디어문화마루,exact
1ca86aa909cbad8410cfdf24e9d9ea43,훼미리손칼국수보쌈,200,2895197,훼미리손칼국수보쌈,exact
ad4558738c522d764cc04a77b8925a32,세화미술관,110,130640,세화미술관,exact
d9b1c512bd2ede99559cc3e93443ddef,진진수라/광화문점 [한식],110,126512,광화문,substring
0a13df1fadd28d40443d0331aedc054d,난지미술창작스튜디오,440,2745725,서울시립 난지미술창작스튜디오,substring
31a9c1762b33873970c09c8257376cb8,수락산,350,126483,수락산,exact
5deafbed06565392f9711148e1820761,버거킹/화랑대역점,350,2779126,화랑대역,substring
9c2308240f2a1ec2a1ff0c75807b64df,학도암,350,485684,학도암(서울),normalized
82db348685ab2a0cca12269d8ced6906,해품장팔팔장어/본점,350,2842617,해품장팔팔장어,substring
b72611aa82ff1d0c53593fd6156bdeea,1인1잔,380,2811664,1인1잔,exact
4f5e06b119b423a0e70f5267f6b43957,가야밀냉면해물칼국수/본점,380,2873184,가야밀냉면해물칼국수,substring
38406bdfd5ea189ac93efbbc610b3924,청류/은평한옥마을점,380,2724392,은평한옥마을,substring
a181a5df5c37ab171374fdebc74b9f38,산들애건강밥상,380,2836111,산들애건강밥상,exact
b37b02dc6b7f303b53e7489fed9201ba,만석장/본점,380,2563220,[백년가게]만석장,substring
1cc5edb859ea6a9e68ae161a9ddfe9f8,옥천암,410,337557,옥천암(서울),normalized
3231bd62af359e320a6265fd22c86135,삼천사계곡,380,127557,삼천사(서울),substring
6e637a242bccbc91b8658f3ae55d8cc2,진관사계곡,380,127558,진관사(서울),substring
e6c9d1717b052122741ce8596620da84,은평역사한옥박물관,380,2764323,은평역사한옥박물관,exact
f1fd1011eea895e482cf3f8b697fb843,수빈/[한식],410,845319,수빈,substring
f9361de6bbc1a3af894f8d6a22e8c2c6,봉추찜닭/광화문점,110,126512,광화문,substring
ffdcfe39a2abcbcbbeef3dfbeecf28e1,신응암시장,380,2745621,신응암시장,exact
0a69b7d2a7d684f05b1dd06ee88cc29f,연서시장,380,2745622,연서시장,exact
bf783be591886efb4657a0828eeeda37,송화벽화시장,500,2741624,송화벽화시장,exact
c0313bd54bf16677db379e361eb74ac5,한국의집/[한식],140,129749,한국의집,substring
6bebb48beb5eabdb8e4d7639fb94e5f4,롱브레드/은평한옥마을점,380,2724392,은평한옥마을,substring
c154e49945d444b922c38e0d4de89bb9,사비나미술관,380,130416,사비나미술관,exact
090409df97c9baea17ab3403240e1d07,송가네감자탕/본점,440,2778422,송가네감자탕,substring
bcaf0a32e6d1d7e107f126949df28415,동대문종합시장/N동,110,132200,동대문종합시장,substring
ea5fdf1b0db763b4f659dceab52d708f,백련사,410,128028,백련사(서대문),normalized
05193d24b46dffb0a5ba520797aa665c,모래내시장,410,2773278,모래내시장 먹자골목,substring
a1470b4aa68baf5f2765e7038f4ae081,고미정/연희본점,410,2900309,고미정,substring
09d720d04caa3f887019fcb262198e13,쁘띠몽드/마포중앙도서관점,440,2633907,마포중앙도서관,substring
99efb6b497c68653df97727884ddba44,심경희라라랜드/광화문점,110,126512,광화문,substring
ea145b239a20e87d2a8e0260ad8318c9,명동난타극장,140,650997,명동난타극장,exact
033248b6b560dfbeac56981ece1ce624,신기한놀이터떼굴떼굴,410,2783484,신기한놀이터 떼굴떼굴,exact
5eb8516bbbc7f86e124c20bbfb493d1f,분지로/사운즈한남점,170,3060939,사운즈한남,substring
570015e7ecba4f8270f14509c2529030,은가어린이공원,410,2759917,은가어린이공원,exact
3889e3ab35802474f93d286d917ddc66,소극장산울림,440,130781,소극장 산울림,exact
8c46e2efae86282c3711c2718d20ba74,파리공원,470,1114020,파리공원,exact
df11af630de0920001f63012dc64609e,하이디라오/홍대점,440,781031,홍대,substring
81341add3a9fe8af667574ddee45962c,경의선숲길공원,440,2553819,경의선숲길,substring
1db7c6c0f9a5c341c84c3578e20d8ea8,어글리베이커리,440,2845326,어글리베이커리,exact
72f275d7a26852ef25e506b61eada719,강서한강공원,500,2733968,강서한강공원,exact
c19c729aecccaaf773649c7efc4349c6,난지한강공원물놀이장,440,3057076,난지한강공원물놀이장,exact
d7018441d5b96e1199276b15135225db,난지캠핑장,440,2750941,난지캠핑장,exact
948f4965d5a41107466aca48170b6827,역전회관,440,2438633,역전회관,exact
31c07ea006ee0c0147903ca827b8ada2,노을캠핑장,440,2734894,노을캠핑장(서울),normalized
dbf2c7ca99500b177f64b2b7704b6f5f,코코넛박스,440,2852296,코코넛박스,exact
7dc7d9cda98b4c562379d64cb8170898,일등식당,440,2871262,일등식당,exact
04bd9f1b21595daaf59d316545812f71,롯데시네마/홍대입구,440,781031,홍대,substring
9c43b11af34999824bcef645a243ab92,헤키,440,2834211,헤키,exact
e05117899559794bef3e66221f3138f4,문화비축기지,440,2553929,문화비축기지,exact
67b5dfa175fb76739ed1f79109fd47c7,나누미떡볶이/성대본점,110,3094113,나누미떡볶이,substring
23660bd4cf06ee46ac49f6dfdfe33af2,서룡/[중식],440,2914942,서룡,substring
6c05eb2f610e2c6c118bf90e522f9604,누디트/홍대,440,781031,홍대,substring
2fdaf9f4f33fe935e2d65b7339834909,목사랑시장,470,2611287,목사랑시장,exact
a73385032045112b0560803897459145,일신홀,170,3013173,일신홀,exact
0c6790cd9378c30dfc717e10bdac65dd,스시이찌/광화문점,110,126512,광화문,substring
98b3fe2c24ce3eb4dc6fa82f368df0dd,애슐리퀸즈/이마트목동점,470,2912384,이마트 목동점,substring
6ed660beb19e21a242d4f1a090921894,배꼽집/상암점,440,2914789,배꼽집,substring
e932c5af6557f5837a0f7daeb2f3eee4,부첼리하우스,170,2852021,부첼리하우스,exact
e418cf50ab1d4e466be1cd95d6505e38,호텔28명동,140,264311,명동,substring
99e3ffa66978a6b36577cbcb7eab93ee,서관면옥/홍대점,440,781031,홍대,substring
6ea3a17abd40cbefedd8c506c0f4e0fd,한국천주교순교자박물관,440,130181,한국천주교순교자박물관,exact
c2c2a04512b35d13102459f8784f1a2d,경창시장,470,2611310,경창시장,exact
f1c05a10001b27634cbd1e5861f7b699,행복한백화점,470,2907536,행복한백화점,exact
65a3eb5c8ce568ea7f1be00723bbfcdd,화곡영양족발,500,2849558,화곡영양족발,exact
702e88a3efd844bfc823b67c31bf6b2d,라이즈오토그래프컬렉션,440,2905416,라이즈오토그래프컬렉션,exact
130c13ea537d82f241e111deb1260b12,계남근린공원,470,3428372,계남근린공원,exact
c699f590797def12b5dc8482e7690845,목동깨비시장,470,2611280,목동깨비시장,exact
f9f385e5335bd7b86b4865b27e8fc13e,국제선센터,470,1710166,국제선센터,exact
b56fca6867afd0e9376271d77dc7c836,신영시장,470,2611323,신영시장(서울),normalized
d68485c497a00812c00fb342606b4e17,석파랑/[한식],110,133769,석파랑,substring
9369cc5de33733df9731f62c6a1d7145,아페티/나인트리프리미어로카우스호텔서울용산,170,3076518,나인트리 프리미어 로카우스 호텔 서울 용산,substring
b2c7ead9f92c55e3f2e36e73f61147aa,생명과학박물관,470,2760301,한생연 생명과학박물관,substring
84d95c0563147056d8352fd9e5cf237e,마부자생삼겹살,500,2849708,마부자생삼겹살,exact
de508073e20b01d1a591504045591a9e,사모님짬뽕/[중식],500,2849301,사모님짬뽕,substring
204e15d3303932653e08da2d7b1ee37a,양천해누리체육공원,470,2751345,양천해누리체육공원,exact
1ae649a8c3b746cf3a55e2fb7355683c,신곡종합시장,470,2760228,신곡종합시장,exact
01c12f8a41196b3ced6a14a330354a3b,용가회전훠궈/명동점,140,264311,명동,substring
aa06de2af3dfca8793fcc563bd08a254,화곡본동시장,500,2753917,화곡본동시장,exact
cbbf6554997584ddb39d16bbce7da405,신트리공원,470,2611887,신트리공원(서울),normalized
7984f520b3ddc48b4d6a0e2188d1e516,양천도시농업공원,470,2611730,양천도시농업공원,exact
1e77efc3988b966efae11d78caa96ab4,양천생활안전체험교육관,470,2611575,양천생활안전체험교육관,exact
7ed1428f4c234dfe20e063b671638247,억조1978/목동본점,470,2852826,억조1978,substring
af664344138907ff48c4f7a36dabcf0e,원두막,470,2850949,원두막,exact
72489e1dde625c8fc74c3c07a5b84d75,용왕산근린공원,470,1116877,용왕산근린공원,exact
741c487afc95b76da9a0a932118f513e,장수공원,470,2611601,장수공원(열녀문),normalized
d49bf38c842a97c42d15318809fdfab0,옥동식/서교점,440,2871220,옥동식,substring
79eb4067a5223c389c907218df26d31d,방화근린공원,500,3076147,방화근린공원,exact
e32e5b2a5153bd18fd90982e68da7a3d,롤링홀,440,1022243,롤링홀,exact
8e01d8f81e7ee454455cf30064a58778,강서습지생태공원,500,809490,강서습지생태공원,exact
a1d4eec26d63152dbece595d0d3c909f,깅꼬서울,500,3567361,깅꼬서울,exact
1892da6635e699ca9a206ff364aa40ed,발산삼계탕,500,2849272,발산삼계탕,exact
94bff1fda623727e72b932c52c38a223,어나더사이드,500,3588065,어나더사이드,exact
3de969ad2ef8e9d5f0e7b46ed502673f,겸재정선미술관,500,774675,겸재정선미술관,exact
c64e4d69ec2e9f7d5a7e3729c4a58efb,강서별빛우주과학관,500,3304115,강서별빛우주과학관,exact
ec2cac0982988e2a98b3ed9ccaad8093,황금내근린공원,500,2755447,황금내근린공원,exact
866e154d75088697c83cdaf851ef9b4e,도일처/[중식],500,678899,도일처,substring
0fda6ba3732d6354f9717090511ddf72,애슐리퀸즈/롯데백화점김포공항점,500,2997813,롯데백화점 김포공항점,substring
c3033cece6a5d7de439e27ad8ff09cf5,방화동교동짬뽕/[중식],500,3520668,방화동 교동짬뽕,substring
fd1b398a59b94203a2830656eb32f31d,약사사,500,337422,약사사(서울),normalized
585ccad23ea0b84e10286f9e45a86a8d,미타사,500,309300,미타사(강서),normalized
e6a917d4e5f122d392dfc14bd8453634,봉이밥/마곡본점,500,2849289,봉이밥,substring
03c4f563ac02b5afa96186ab772d1b4f,광주똑순이아구찜,500,2849659,광주똑순이아구찜,exact
6edf57b62b9e53b1b81a3d3f9c12168b,인서울27골프클럽,500,2757125,인서울27 골프클럽,exact
33c2c72aaa77fbfdf8a29e99d5554c6f,황금오리농장,470,2852797,황금오리농장,exact
d32ad296cd2e1d39257f25d652ace005,국제청소년센터유스호스텔,500,1884337,국제청소년센터 유스호스텔,exact
e1e2c88d7f842a6af7c6a80a7ba5b59c,월순철판동태찜/연희본점,410,2843010,월순철판동태찜,substring
a0b482f0aeb157adade822acaaea32d1,양천향교,500,127215,양천향교,exact
ea1aeff861b6e658602b8ee206c38cf5,김둘레순대국/양천향교점,500,127215,양천향교,substring
df627517e02085f3152727484f870636,국제청소년센터,500,1884337,국제청소년센터 유스호스텔,substring
69916b8e5031e5f4b8140fb45876acc9,서울형키즈카페/양천구신트리공원점,470,2611887,신트리공원(서울),substring
