content_id,title,중분류,소분류,latitude,longitude
seongdong_001,가조쿠,외국식,일식,37.543283,127.053134
seongdong_002,감탄로드 여행가챠 팝업스토어,행사,기타행사,37.543303,127.055023
seongdong_003,계월,한식,관광식당,37.539617,127.047652
seongdong_004,계자람,한식,관광식당,37.537806,127.055170
seongdong_005,고기다,한식,관광식당,37.548174,127.053250
seongdong_006,고운 돈카츠,외국식,서양식,37.544752,127.054243
seongdong_007,광야 서울,전문매장/상가,전문상가,37.544155,127.043358
seongdong_008,구욱희씨,간이음식,제과,37.547163,127.041891
seongdong_009,구펠,카페/ 찻집,카페,37.548413,127.047013
seongdong_010,국가유산체험센터,전시시설,전시관,37.546627,127.049635
seongdong_011,굿러너컴퍼니,면세점,사후면세점,37.548144,127.042817
seongdong_012,그라데이션커피,카페/ 찻집,카페,37.550599,127.050309
seongdong_013,그린랩,카페/ 찻집,카페,37.546902,127.040594
seongdong_014,금남시장,시장,상설시장,37.548507,127.022729
seongdong_015,기미사 성수,카페/ 찻집,카페,37.545134,127.062772
seongdong_016,기후,외국식,일식,37.540673,127.056148
seongdong_017,꾸아 성수점,외국식,기타외국식,37.546174,127.044929
seongdong_018,나이스고스트클럽 성수,면세점,사후면세점,37.542501,127.053469
seongdong_019,난포,한식,관광식당,37.547108,127.042691
seongdong_020,논픽션 성수,면세점,사후면세점,37.543849,127.050422
seongdong_021,누메로도스,외국식,서양식,37.546419,127.047351
seongdong_022,누메로뜨레쓰,외국식,서양식,37.542589,127.048693
seongdong_023,뉴뉴 성수점,면세점,사후면세점,37.541376,127.059404
seongdong_024,뉴뉴랩 성수점,면세점,사후면세점,37.541376,127.059404
seongdong_025,뉴발란스 직영성수점,면세점,사후면세점,37.543338,127.052066
seongdong_026,니드스윗,카페/ 찻집,카페,37.549044,127.045710
seongdong_027,다니엘트루스 퍼퓸하우스 성수,면세점,사후면세점,37.541318,127.058020
seongdong_028,다이소 답십리점,면세점,사후면세점,37.565225,127.054234
seongdong_029,다이소 뚝섬역점,면세점,사후면세점,37.547694,127.045124
seongdong_030,다이소 비트플렉스 왕십리역점,면세점,사후면세점,37.561442,127.038394
seongdong_031,다이소 상왕십리역점,면세점,사후면세점,37.564298,127.028639
seongdong_032,단일서울,카페/ 찻집,카페,37.543086,127.045516
seongdong_033,달맞이근린공원,도시공원,시민공원,37.543400,127.021000
seongdong_034,대도식당 왕십리본점,한식,관광식당,37.567273,127.030600
seongdong_035,대돈집,한식,관광식당,37.548671,127.045615
seongdong_036,대성갈비,한식,관광식당,37.546247,127.048449
seongdong_037,대현산배수지공원·대현산배수지공원 모노레일,도시공원,시민공원,37.556468,127.020801
seongdong_038,대흥정육식당,한식,관광식당,37.539100,127.043985
seongdong_039,더 기어샵 성수,면세점,사후면세점,37.544655,127.051779
seongdong_040,더뮤지엄비지터,면세점,사후면세점,37.549104,127.053803
seongdong_041,더서울라이티움,전시시설,전시관,37.545525,127.043260
seongdong_042,더페이지갤러리,전시시설,미술관/화랑,37.545525,127.043260
seongdong_043,데우스엑스마키나 성수점,면세점,사후면세점,37.540958,127.059523
seongdong_044,드롭드롭드롭,면세점,사후면세점,37.540857,127.060230
seongdong_045,디뮤지엄,전시시설,박물관,37.544536,127.043288
seongdong_046,디에이치 성수포레,호스텔,게스트하우스,37.546449,127.046610
seongdong_047,디올 성수,기타쇼핑시설,기타쇼핑시설,37.544037,127.052480
seongdong_048,땅코참숯구이 본점,한식,관광식당,37.560736,127.033044
seongdong_049,뚝도 아리수 정수센터,산업관광,기타산업관광지,37.539840,127.042293
seongdong_050,뚝도지기,한식,관광식당,37.537906,127.054643
seongdong_051,뚝도청춘시장,시장,상설시장,37.537800,127.054828
seongdong_052,뚝섬미술관,전시시설,미술관/화랑,37.547206,127.048334
seongdong_053,뜻밖의 즐거움,면세점,사후면세점,37.543912,127.050201
seongdong_054,라그라스쥬얼리,면세점,사후면세점,37.543736,127.051454
seongdong_055,라온석갈비,한식,관광식당,37.545786,127.057162
seongdong_056,라프레플루트,카페/ 찻집,카페,37.547305,127.039458
seongdong_057,러쉬 성수점,면세점,사후면세점,37.542228,127.055741
seongdong_058,러프러프,카페/ 찻집,카페,37.541761,127.058281
seongdong_059,레스트앤레크레이션 성수,면세점,사후면세점,37.545124,127.048544
seongdong_060,레이더,카페/ 찻집,카페,37.543669,127.054040
seongdong_061,레이지 유스,카페/ 찻집,카페,37.565021,127.032512
seongdong_062,레퍼토리,면세점,사후면세점,37.542802,127.054915
seongdong_063,로에일 성수점,면세점,사후면세점,37.541696,127.058247
seongdong_064,로와이드(LOWIDE),카페/ 찻집,카페,37.546994,127.041060
seongdong_065,로우로우 월드와이드서울,면세점,사후면세점,37.541526,127.054417
seongdong_066,로우클래식 성수점,면세점,사후면세점,37.541299,127.058651
seongdong_067,로우키,카페/ 찻집,카페,37.544253,127.051593
seongdong_068,록멘,외국식,일식,37.542161,127.048565
seongdong_069,롯데하이마트 장한평점,면세점,사후면세점,37.561402,127.062592
seongdong_070,루프,카페/ 찻집,카페,37.544283,127.052454
seongdong_071,룩옵티컬 한대점,면세점,사후면세점,37.559556,127.040470
seongdong_072,룩옵티컬 한양대점,면세점,사후면세점,37.559556,127.040470
seongdong_073,룩캐스트 성수점,면세점,사후면세점,37.544017,127.049871
seongdong_074,르 라보 성수점,면세점,사후면세점,37.542376,127.055804
seongdong_075,르프리크,외국식,서양식,37.544439,127.052659
seongdong_076,리브나 다이닝,외국식,서양식,37.539720,127.050851
seongdong_077,리얼월드 성수,기타체험,기타체험관광,37.542215,127.058432
seongdong_078,리이 성수점,면세점,사후면세점,37.543625,127.051088
seongdong_079,리커버리커피바,카페/ 찻집,카페,37.550391,127.044871
seongdong_080,리틀포레스트,간이음식,"피자, 햄버거, 샌드위치 및 유사음식",37.548360,127.053723
seongdong_081,리틀포레한강,펜션/민박,홈스테이,37.546369,127.046835
seongdong_082,릴즈,외국식,서양식,37.569533,127.029563
seongdong_083,마뗑킴 성수 플래그십 스토어,면세점,사후면세점,37.547382,127.054018
seongdong_084,마를리,간이음식,제과,37.542853,127.054751
seongdong_085,마리떼프랑소와저버 FSS 성수점,면세점,사후면세점,37.543449,127.051504
seongdong_086,마리오네,외국식,서양식,37.539795,127.056923
seongdong_087,마블상회,한식,관광식당,37.547763,127.063949
seongdong_088,마장 축산물시장,시장,상설시장,37.570374,127.040021
seongdong_089,마장갈비,한식,관광식당,37.565462,127.042506
seongdong_090,마장동 한우촌,한식,관광식당,37.570735,127.041290
seongdong_091,마하차이 성수본점,외국식,기타외국식,37.539000,127.055098
seongdong_092,맛차차,카페/ 찻집,찻집,37.546902,127.040608
seongdong_093,맥파이앤타이거 성수티룸,카페/ 찻집,찻집,37.543647,127.056589
seongdong_094,메쉬커피,카페/ 찻집,카페,37.548171,127.042468
seongdong_095,메이플탑,카페/ 찻집,카페,37.541628,127.056792
seongdong_096,메종쥬 성수 부티끄,전문매장/상가,전문상가,37.546717,127.043739
seongdong_097,모리티아,카페/ 찻집,카페,37.546598,127.052598
seongdong_098,모어딥 성수,카페/ 찻집,카페,37.548977,127.051226
seongdong_099,목금,외국식,서양식,37.542714,127.048465
seongdong_100,몽실이네 토종한우,한식,관광식당,37.570635,127.041487
seongdong_101,무브모브,카페/ 찻집,카페,37.545391,127.050443
seongdong_102,무신사 스탠다드 성수,기타쇼핑시설,기타쇼핑시설,37.541769,127.058671
seongdong_103,문리,면세점,사후면세점,37.546814,127.041037
seongdong_104,문츠 바베큐,외국식,서양식,37.545752,127.048529
seongdong_105,뭍 성수플래그쉽 스토어,면세점,사후면세점,37.541080,127.059540
seongdong_106,미타사(성동),종교성지,불교,37.543571,127.017179
seongdong_107,미테이블 성수점,외국식,서양식,37.546594,127.045307
seongdong_108,밀로 아카이브 성수 플래그십 스토어,면세점,사후면세점,37.543390,127.057261
seongdong_109,밀리언아카이브,기타쇼핑시설,기타쇼핑시설,37.547297,127.053318
seongdong_110,바닐라코 성수 플래그십 스토어,면세점,사후면세점,37.543010,127.053869
seongdong_111,바다화원 본점,한식,관광식당,37.547166,127.049126
seongdong_112,바로여기 약국,면세점,사후면세점,37.544511,127.064665
seongdong_113,바위파스타바,외국식,서양식,37.539187,127.061578
seongdong_114,반스 성수점,면세점,사후면세점,37.544294,127.053044
seongdong_115,배드블러드 성수점,면세점,사후면세점,37.543079,127.057127
seongdong_116,백야드빌더성수,카페/ 찻집,카페,37.551474,127.047074
seongdong_117,베리시 성수 플래그십스토어,면세점,사후면세점,37.542889,127.053314
seongdong_118,베티버,카페/ 찻집,카페,37.538975,127.053209
seongdong_119,본노엘 성수점,간이음식,제과,37.549799,127.048026
seongdong_120,부부요리단,한식,관광식당,37.542811,127.017535
seongdong_121,브로벨커피,카페/ 찻집,카페,37.538659,127.056423
seongdong_122,블루선 성수점,면세점,사후면세점,37.547153,127.042728
seongdong_123,비사벌 전주 콩나물 국밥,한식,관광식당,37.546336,127.045041
seongdong_124,비아트 성수,카페/ 찻집,카페,37.547144,127.054273
seongdong_125,비올레타,카페/ 찻집,카페,37.548666,127.026028
seongdong_126,비이커 성수점,면세점,사후면세점,37.544004,127.050494
seongdong_127,비트플렉스약국,면세점,사후면세점,37.561442,127.038394
seongdong_128,뺑드에코,간이음식,제과,37.542328,127.049049
seongdong_129,살곶이체육공원,도시공원,주제공원,37.554029,127.050465
seongdong_130,삼성스토어 왕십리,면세점,사후면세점,37.559427,127.033682
seongdong_131,새활용 페스티벌,축제,기타축제,37.558612,127.057823
seongdong_132,서울 살곶이 다리,랜드마크관광,다리 / 대교,37.553785,127.045987
seongdong_133,서울새활용플라자,산업관광,기타산업관광지,37.558737,127.057867
seongdong_134,서울숲,도시공원,시민공원,37.543072,127.041798
seongdong_135,서울숲 곤충식물원,기타체험,기타체험관광,37.543125,127.041813
seongdong_136,서울숲팜프라자약국,면세점,사후면세점,37.541900,127.044976
seongdong_137,성동 AI·미래기술체험센터,산업관광,기타산업관광지,37.554675,127.040490
seongdong_138,성동구립매봉산숲속도서관,교육시설,도서관,37.545907,127.010812
seongdong_139,성동문화원,교육시설,한국문화원,37.559238,127.035972
seongdong_140,성동책마루도서관,교육시설,도서관,37.563475,127.036980
seongdong_141,성수노루,한식,관광식당,37.544242,127.056173
seongdong_142,성수다락,외국식,서양식,37.539987,127.056248
seongdong_143,성수동 대림창고 갤러리,카페/ 찻집,카페,37.541637,127.056648
seongdong_144,성수동 수제화거리,도시.지역문화관광,"골목길, 문화거리",37.544400,127.057200
seongdong_145,성수동 카페거리,도시.지역문화관광,"골목길, 문화거리",37.543198,127.056598
seongdong_146,성수망치버거,간이음식,"피자, 햄버거, 샌드위치 및 유사음식",37.539617,127.047652
seongdong_147,성수베이킹스튜디오,간이음식,제과,37.546249,127.043763
seongdong_148,성수부두,한식,관광식당,37.543469,127.054287
seongdong_149,성수서울숲약국,면세점,사후면세점,37.547685,127.044746
seongdong_150,성수아트홀,공연시설,공연장,37.545483,127.046963
seongdong_151,성수연방,기타문화관광지,기타문화시설,37.541714,127.056878
seongdong_152,성수온실,한식,관광식당,37.546908,127.046874
seongdong_153,성수일미락,한식,관광식당,37.547672,127.049643
seongdong_154,성수족발,한식,관광식당,37.546041,127.054287
seongdong_155,성수지앵협동조합,카페/ 찻집,카페,37.546749,127.044327
seongdong_156,성일정육점식당,한식,관광식당,37.548346,127.046979
seongdong_157,세디치,외국식,서양식,37.543975,127.061331
seongdong_158,세븐일레븐 한양본점,면세점,사후면세점,37.560125,127.040239
seongdong_159,세스크 멘슬,외국식,서양식,37.541114,127.056426
seongdong_160,세이모온도 플래그십스토어 성수,면세점,사후면세점,37.546345,127.044017
seongdong_161,세이버 서울 성수점,면세점,사후면세점,37.542822,127.058906
seongdong_162,세터하우스 서울숲,면세점,사후면세점,37.544667,127.049078
seongdong_163,세터하우스 성수,면세점,사후면세점,37.541361,127.061283
seongdong_164,셀메드 스카이약국,면세점,사후면세점,37.546026,127.047470
seongdong_165,소랑호젠,외국식,서양식,37.542750,127.045221
seongdong_166,소문난성수감자탕 별관,한식,관광식당,37.543053,127.054623
seongdong_167,소바식당,외국식,일식,37.543017,127.054994
seongdong_168,소월아트홀,공연시설,공연장,37.559309,127.036008
seongdong_169,소인수서울,한식,관광식당,37.549746,127.044579
seongdong_170,송정제방길,육상레저스포츠,기타육상레저스포츠,37.550400,127.065000
seongdong_171,수도박물관,전시시설,박물관,37.539881,127.042277
seongdong_172,스시도쿠 왕십리본점,외국식,일식,37.561000,127.036083
seongdong_173,스시오오모토,외국식,일식,37.547033,127.046860
seongdong_174,스왈로우라운지 성수,면세점,사후면세점,37.545523,127.056985
seongdong_175,스탈릿성수,기타문화관광지,기타문화시설,37.544494,127.055473
seongdong_176,스탠드오일 성수 플래그십 스토어,면세점,사후면세점,37.543622,127.057393
seongdong_177,스탠드오일 슈즈 플래그십 스토어,면세점,사후면세점,37.540777,127.060487
seongdong_178,스테이보리,호스텔,게스트하우스,37.539662,127.061484
seongdong_179,스테이지35 성수,기타쇼핑시설,기타쇼핑시설,37.543109,127.053481
seongdong_180,스테이지35 성수[면세점(TAX REFUND SHOP)],면세점,사후면세점,37.543109,127.053481
seongdong_181,슬로우파마씨,기타쇼핑시설,기타쇼핑시설,37.545667,127.063022
seongdong_182,시엔느 성수부티크,면세점,사후면세점,37.541811,127.057882
seongdong_183,신성림약국,면세점,사후면세점,37.559822,127.041301
seongdong_184,신의한국수본점,한식,관광식당,37.548052,127.065430
seongdong_185,쎄콩데live,외국식,서양식,37.546605,127.042324
seongdong_186,아더 성수 스페이스,기타쇼핑시설,기타쇼핑시설,37.542260,127.056546
seongdong_187,아도르,면세점,사후면세점,37.542420,127.048229
seongdong_188,아디다스 오리지널스 플래그십 성수,면세점,사후면세점,37.543049,127.053039
seongdong_189,아모레 성수,기타체험,기타체험관광,37.544603,127.059070
seongdong_191,아방베이커리 서울숲점,간이음식,제과,37.544536,127.043288
seongdong_192,아비에무아 서울숲 스토어,면세점,사후면세점,37.547042,127.040666
seongdong_193,아우로 플래그쉽 스토어,면세점,사후면세점,37.547322,127.043700
seongdong_194,아우프글렛 금호,카페/ 찻집,카페,37.548927,127.026248
seongdong_195,아이리스피부과의원 성수,면세점,사후면세점,37.546339,127.049083
seongdong_196,아이온안경원,면세점,사후면세점,37.560373,127.041475
seongdong_197,아카이브앱크아틀리에,면세점,사후면세점,37.547741,127.041781
seongdong_198,악어떡볶이,간이음식,김밥 분식,37.560649,127.041092
seongdong_199,알로 성수점,면세점,사후면세점,37.543975,127.050045
seongdong_200,앱톤 성수 쇼룸,면세점,사후면세점,37.548787,127.048985
seongdong_201,어니언 성수,카페/ 찻집,카페,37.544839,127.058134
seongdong_202,어라운드데이,카페/ 찻집,카페,37.546924,127.041283
seongdong_203,어린이꿈공원,도시공원,어린이공원,37.558534,127.036113
seongdong_204,어페어커피,카페/ 찻집,카페,37.536748,127.055062
seongdong_205,언더스탠드에비뉴,전문매장/상가,전문상가,37.543559,127.043580
seongdong_206,언포모,면세점,사후면세점,37.547221,127.041084
seongdong_207,엄마손약국,면세점,사후면세점,37.562394,127.033224
seongdong_208,업사이드커피,카페/ 찻집,카페,37.542053,127.057945
seongdong_209,에르제 성수,간이음식,제과,37.543922,127.058973
seongdong_210,에스팩토리,전시시설,전시관,37.542309,127.059481
seongdong_211,에이치커피로스터스,카페/ 찻집,카페,37.549235,127.050582
seongdong_212,에이투비 Cafe&Bar,카페/ 찻집,카페,37.543922,127.058973
seongdong_213,엔터식스 왕십리역점,전문매장/상가,전문상가,37.561442,127.038394
seongdong_215,엘더버거,간이음식,"피자, 햄버거, 샌드위치 및 유사음식",37.546383,127.042996
seongdong_216,엘몰리노,외국식,서양식,37.547485,127.041183
seongdong_217,엘씨디씨 서울(LCDC SEOUL),기타쇼핑시설,기타쇼핑시설,37.541548,127.061323
seongdong_218,영카이브 성수점,기타체험,기타체험관광,37.541581,127.060393
seongdong_219,오뜨로,외국식,서양식,37.544144,127.046474
seongdong_220,오레노카츠 성수본점,외국식,일식,37.544805,127.049654
seongdong_221,오렌즈 비트플렉스 왕십리역점,면세점,사후면세점,37.561442,127.038394
seongdong_222,오렌즈 한양대점,면세점,사후면세점,37.559965,127.041580
seongdong_223,오롤리데이 성수,면세점,사후면세점,37.544154,127.050089
seongdong_224,오버도즈도넛앤커피,카페/ 찻집,카페,37.546699,127.046651
seongdong_225,오소이,면세점,사후면세점,37.545605,127.050965
seongdong_226,오프트,간이음식,김밥 분식,37.546533,127.046690
seongdong_227,옥수해물찜칼국수,한식,관광식당,37.541788,127.018013
seongdong_228,온량,외국식,서양식,37.546994,127.043452
seongdong_229,올리브영 금호점,면세점,사후면세점,37.547611,127.022731
seongdong_230,올리브영 뚝섬역점,면세점,사후면세점,37.547694,127.045124
seongdong_231,올리브영 상왕십리역점,면세점,사후면세점,37.565110,127.028020
seongdong_232,올리브영 서울숲역점,면세점,사후면세점,37.541900,127.044976
seongdong_233,올리브영 성수역점,면세점,사후면세점,37.545308,127.054483
seongdong_234,올리브영 성수연방점,면세점,사후면세점,37.541408,127.056908
seongdong_235,올리브영 신금호역점,면세점,사후면세점,37.554229,127.019817
seongdong_236,올리브영 왕십리역사점,면세점,사후면세점,37.561442,127.038394
seongdong_237,올리브영 황학사거리점,면세점,사후면세점,37.566603,127.024082
seongdong_238,올리브영N 성수,면세점,사후면세점,37.544183,127.054483
seongdong_239,옹근달,카페/ 찻집,카페,37.542786,127.053015
seongdong_240,와인나라 성수점,면세점,사후면세점,37.543638,127.046396
seongdong_241,와플목공방,공예체험,기타공예체험,37.547140,127.045444
seongdong_242,왕십리맛골목,도시.지역문화관광,"골목길, 문화거리",37.559434,127.040871
seongdong_243,용답원약국,면세점,사후면세점,37.562647,127.051388
seongdong_244,우알롱 성수 플래그쉽 스토어,면세점,사후면세점,37.543067,127.055368
seongdong_245,우오보,외국식,서양식,37.549630,127.054601
seongdong_246,원기옥,한식,관광식당,37.546447,127.065905
seongdong_247,유어네이키드치즈,외국식,서양식,37.546736,127.045324
seongdong_248,유즈풀 아뜰리에,카페/ 찻집,카페,37.547055,127.040483
seongdong_249,유핑 성수,면세점,사후면세점,37.541994,127.055995
seongdong_250,응봉산 암벽등반공원,육상레저스포츠,암벽등반,37.548659,127.031017
seongdong_251,응봉산(서울),자연경관(산),"산, 고개, 오름, 봉우리",37.548200,127.029800
seongdong_252,응봉체육공원,도시공원,주제공원,37.551954,127.037416
seongdong_253,이니스프리 디아일,면세점,사후면세점,37.541257,127.055008
seongdong_254,이니스프리 이마트 왕십리점,면세점,사후면세점,37.561442,127.038394
seongdong_255,이랑칼국수,한식,관광식당,37.539861,127.054476
seongdong_256,이모네순대국,한식,관광식당,37.548628,127.021387
seongdong_257,이미스 플래그십 스토어 성수,면세점,사후면세점,37.543613,127.052683
seongdong_258,이솝 성수,면세점,사후면세점,37.542376,127.055804
seongdong_259,이올로,면세점,사후면세점,37.547629,127.043375
seongdong_260,이태리차차,외국식,서양식,37.543555,127.051060
seongdong_261,인더매스 마장,카페/ 찻집,카페,37.565636,127.039829
seongdong_262,인사일런스 성수스토어,면세점,사후면세점,37.541253,127.060940
seongdong_263,인생한우,한식,관광식당,37.570199,127.038215
seongdong_264,일심정,한식,관광식당,37.546344,127.057414
seongdong_265,전자방,외국식,중식,37.548360,127.053723
seongdong_266,제스티살룬 성수,간이음식,"피자, 햄버거, 샌드위치 및 유사음식",37.547621,127.042466
seongdong_267,제주국수,한식,관광식당,37.545112,127.057837
seongdong_268,죽변항,한식,관광식당,37.547583,127.048851
seongdong_269,중국관,외국식,중식,37.538571,127.055373
seongdong_270,중앙감속기,외국식,중식,37.545625,127.051107
seongdong_271,진작다이닝,외국식,일식,37.549452,127.045668
seongdong_272,차만다 본점,외국식,서양식,37.546677,127.041421
seongdong_273,차이나플레인 서울숲점,외국식,중식,37.543691,127.046418
seongdong_274,천하제일 솥뚜껑,한식,관광식당,37.541614,127.053445
seongdong_275,청계8경 버들습지,자연생태,생태습지,37.572400,127.038400
seongdong_276,청계천 자전거도로,육상레저스포츠,자전거하이킹,37.564609,127.048268
seongdong_277,청계천박물관,전시시설,박물관,37.571266,127.035043
seongdong_278,체다앤올리,간이음식,"피자, 햄버거, 샌드위치 및 유사음식",37.545525,127.043260
seongdong_279,춘향미엔,외국식,중식,37.560609,127.032027
seongdong_280,치카성수,간이음식,제과,37.542386,127.047188
seongdong_281,카린 성수 플래그십 스토어,면세점,사후면세점,37.542952,127.055735
seongdong_282,카시나 성수점,면세점,사후면세점,37.542616,127.053077
seongdong_283,카페 이페메라 LCDC SEOUL,카페/ 찻집,카페,37.541546,127.061322
seongdong_284,카페 차 성수점,카페/ 찻집,카페,37.547919,127.041863
seongdong_285,커피 바넷리,카페/ 찻집,카페,37.546717,127.043739
seongdong_286,코너룸,외국식,서양식,37.549747,127.048010
seongdong_287,코사이어티 서울숲,카페/ 찻집,카페,37.544769,127.045639
seongdong_288,코코온누리약국 뚝섬,면세점,사후면세점,37.546321,127.049514
seongdong_289,퀴버 서울숲,외국식,서양식,37.546455,127.044366
seongdong_290,크림라벨 서울숲 본점,간이음식,제과,37.546605,127.042324
seongdong_291,키스 서울,면세점,사후면세점,37.541786,127.057020
seongdong_292,타이틀리스트 시티투어밴,면세점,사후면세점,37.543280,127.056338
seongdong_293,타코마이너,외국식,서양식,37.543261,127.053853
seongdong_294,탐광,외국식,일식,37.543228,127.055434
seongdong_295,탑텐 왕십리역점,면세점,사후면세점,37.561442,127.038394
seongdong_296,테니 Tenne,카페/ 찻집,기타음료점,37.541093,127.059189
seongdong_297,텐동식당,외국식,일식,37.543392,127.054923
seongdong_298,텐바,외국식,일식,37.543386,127.054248
seongdong_299,튠,면세점,사후면세점,37.540641,127.054727
seongdong_300,트레일헤드 성수점,면세점,사후면세점,37.546118,127.050041
seongdong_301,트리밍버드 성수플래그십스토어,면세점,사후면세점,37.549677,127.053873
seongdong_302,티룸,카페/ 찻집,카페,37.547919,127.043257
seongdong_303,파르코,간이음식,"피자, 햄버거, 샌드위치 및 유사음식",37.546361,127.043393
seongdong_304,파사드패턴,면세점,사후면세점,37.540536,127.048966
seongdong_305,파인드카푸어 플래그쉽 스토어 성수,면세점,사후면세점,37.542201,127.055424
seongdong_306,파타고니아 서울성수낙낙직영점,면세점,사후면세점,37.546394,127.065889
seongdong_307,팜티진쌀국수,외국식,기타외국식,37.542750,127.045221
seongdong_308,페넥 성수 플래그십스토어,면세점,사후면세점,37.544327,127.051650
seongdong_309,페이퍼돌메이트 아틀리에 서울숲점,전문매장/상가,전문상가,37.546380,127.043830
seongdong_310,포레스트 서울숲,카페/ 찻집,카페,37.546799,127.040731
seongdong_311,폴인레미유,카페/ 찻집,카페,37.548369,127.047596
seongdong_312,프롤라,카페/ 찻집,카페,37.541306,127.060953
seongdong_313,플래드카페 서울숲,카페/ 찻집,카페,37.547144,127.039888
seongdong_314,플레이버타운,외국식,기타외국식,37.547033,127.042941
seongdong_315,피스레이어,전문매장/상가,관광기념품/특산물판매점,37.538472,127.056845
seongdong_316,피어커피,카페/ 찻집,카페,37.548974,127.054895
seongdong_317,하고하우스 성수점,면세점,사후면세점,37.547382,127.054018
seongdong_318,하동매실거리,도시.지역문화관광,"골목길, 문화거리",37.563900,127.049700
seongdong_319,하우스 오브 로터스,호스텔,게스트하우스,37.563503,127.029819
seongdong_320,하이라인,카페/ 찻집,카페,37.538999,127.049943
seongdong_321,한강,자연경관(하천‧해양),강,37.538928,127.041622
seongdong_322,한양대학교 박물관,전시시설,박물관,37.557465,127.042929
seongdong_323,한양약국,면세점,사후면세점,37.559556,127.040470
seongdong_324,할머니의 레시피,한식,관광식당,37.546230,127.043102
seongdong_325,해칭룸 성수,면세점,사후면세점,37.544778,127.053801
seongdong_326,헬로우뮤지움,전시시설,미술관/화랑,37.548227,127.053265
seongdong_327,호국무공수훈자공적비,역사유물,탑ㆍ비석ㆍ기념탑,37.560254,127.070116
seongdong_328,호랑도,한식,관광식당,37.548102,127.057564
seongdong_329,호랑이 초밥,외국식,일식,37.546369,127.054784
seongdong_330,호텔포코 성수,호텔,호텔,37.543500,127.057059
seongdong_331,화화돈 성수,외국식,서양식,37.543229,127.054854
seongdong_332,훼미리손칼국수보쌈,한식,관광식당,37.549555,127.044568
seongdong_333,2026 크리에이티브X성수,행사,기타행사,37.542255,127.059466
seongdong_334,5to7,카페/ 찻집,카페,37.546166,127.043318
seongdong_335,CU 뉴성수프리미어점,면세점,사후면세점,37.548161,127.043000
seongdong_336,CU 성동금호점,면세점,사후면세점,37.548174,127.019613
seongdong_337,CU 현대테라스타워점,면세점,사후면세점,37.544086,127.053672
seongdong_338,HDD피자,간이음식,"피자, 햄버거, 샌드위치 및 유사음식",37.542976,127.053218
seongdong_339,ING 페스티벌,행사,기타행사,37.543623,127.043586
seongdong_340,K2 성수사거리점,면세점,사후면세점,37.542755,127.063270
seongdong_341,KWANGYA SEOUL,면세점,사후면세점,37.544155,127.043358
seongdong_342,MLB 성수점,면세점,사후면세점,37.543481,127.052377
seongdong_343,PHYPS MOTORCYCLE,면세점,사후면세점,37.543523,127.054328
seongdong_344,RSG 성수,카페/ 찻집,카페,37.542829,127.058986
seongdong_345,SILD,면세점,사후면세점,37.542376,127.055804
seongdong_346,Scene,카페/ 찻집,카페,37.544883,127.053259
seongdong_347,USS2 어스투,면세점,사후면세점,37.545416,127.046587
seongdong_348,camouflage coffee,카페/ 찻집,카페,37.549044,127.045710
seongdong_349,consume product,면세점,사후면세점,37.542978,127.053217
