old_content_id,current_content_id,title,content_type_id,previous_address,current_address,change_type,db_action,target_is_active,inactive_reason,verification_count,region_status_round1,region_status_round2,region_status_round3,detail_status_round1,detail_status_round2,detail_status_round3,keyword_status_round1,keyword_status_round2,keyword_status_round3,final_decision,concentration_mapping_action,verified_at_round1,verified_at_round2,verified_at_round3,applied_at,sync_run_id,note,changed_fields,previous_values_json,current_values_json
126522,126522,서울 동관왕묘,12,서울특별시 종로구 난계로27길 84,서울특별시 종로구 난계로27길 84,updated,update_list_fields,true,,,,,,,,,,,,update_list_fields,none,,,,2026-07-29T19:28:29.033168+09:00,d474ee14-af7f-40f5-a326-6f6ba27e7ff2,사용자 검토에서 의미 있는 장소 정보 변경으로 확정했다.,latitude|longitude|source_modified_at,"{""latitude"":""37.5727080048934"",""longitude"":""127.018422930451"",""source_modified_at"":""2026-02-06 05:25:01+00""}","{""latitude"":""37.5727080049"",""longitude"":""127.0184229305"",""source_modified_at"":""2026-07-27T13:14:42+09:00""}"
250338,250338,서울 관상감 관천대,12,서울특별시 종로구 원서동,서울특별시 종로구 원서동,updated,update_list_fields,true,,,,,,,,,,,,update_list_fields,none,,,,2026-07-29T19:28:29.033168+09:00,d474ee14-af7f-40f5-a326-6f6ba27e7ff2,사용자 검토에서 의미 있는 장소 정보 변경으로 확정했다.,latitude|longitude|source_modified_at,"{""latitude"":""37.5780873539802"",""longitude"":""126.988011854692"",""source_modified_at"":""2026-02-25 05:21:13+00""}","{""latitude"":""37.5777762178"",""longitude"":""126.9880090992"",""source_modified_at"":""2026-07-28T16:45:06+09:00""}"
1603677,1603677,동십자각,12,서울특별시 종로구 삼청로 1,서울특별시 종로구 삼청로 1,updated,update_list_fields,true,,,,,,,,,,,,update_list_fields,none,,,,2026-07-29T19:28:29.033168+09:00,d474ee14-af7f-40f5-a326-6f6ba27e7ff2,사용자 검토에서 의미 있는 장소 정보 변경으로 확정했다.,latitude|longitude|source_modified_at,"{""latitude"":""37.576133703"",""longitude"":""126.9794373301"",""source_modified_at"":""2025-12-24 07:06:38+00""}","{""latitude"":""37.5760791102"",""longitude"":""126.9794210836"",""source_modified_at"":""2026-07-27T13:41:17+09:00""}"
1870779,,담소정,32,서울특별시 종로구 북촌로9길 16-2 (가회동),,missing_from_source,deactivate_old_row,false,missing_from_source,3,missing,missing,missing,no_data,no_data,no_data,no_data,no_data,no_data,deactivate_missing,none,2026-07-29T17:17:50+09:00,2026-07-29T17:30:37+09:00,2026-07-29T17:50:18+09:00,2026-07-29T19:28:29.033168+09:00,d474ee14-af7f-40f5-a326-6f6ba27e7ff2,3회 연속 목록 누락 및 상세조회 no_data로 비활성화한다.,,,
1889319,,한양의 500년 도읍을 거닐다,25,,,missing_from_source,deactivate_old_row,false,missing_from_source,3,missing,missing,missing,no_data,no_data,no_data,no_data,no_data,no_data,deactivate_missing,none,2026-07-29T17:17:50+09:00,2026-07-29T17:30:37+09:00,2026-07-29T17:50:18+09:00,2026-07-29T19:28:29.033168+09:00,d474ee14-af7f-40f5-a326-6f6ba27e7ff2,3회 연속 목록 누락 및 상세조회 no_data로 비활성화한다.,,,
1889325,,옛 서울의 아름다움에 반하다,25,,,missing_from_source,deactivate_old_row,false,missing_from_source,3,missing,missing,missing,no_data,no_data,no_data,no_data,no_data,no_data,deactivate_missing,none,2026-07-29T17:17:50+09:00,2026-07-29T17:30:37+09:00,2026-07-29T17:50:18+09:00,2026-07-29T19:28:29.033168+09:00,d474ee14-af7f-40f5-a326-6f6ba27e7ff2,3회 연속 목록 누락 및 상세조회 no_data로 비활성화한다.,,,
1915423,,도시의 고풍스러운 정취를 즐기다,25,,,missing_from_source,deactivate_old_row,false,missing_from_source,3,missing,missing,missing,no_data,no_data,no_data,no_data,no_data,no_data,deactivate_missing,none,2026-07-29T17:17:50+09:00,2026-07-29T17:30:37+09:00,2026-07-29T17:50:18+09:00,2026-07-29T19:28:29.033168+09:00,d474ee14-af7f-40f5-a326-6f6ba27e7ff2,3회 연속 목록 누락 및 상세조회 no_data로 비활성화한다.,,,
1915680,,동대문 투어하기,25,,,missing_from_source,deactivate_old_row,false,missing_from_source,3,missing,missing,missing,no_data,no_data,no_data,no_data,no_data,no_data,deactivate_missing,none,2026-07-29T17:17:50+09:00,2026-07-29T17:30:37+09:00,2026-07-29T17:50:18+09:00,2026-07-29T19:28:29.033168+09:00,d474ee14-af7f-40f5-a326-6f6ba27e7ff2,3회 연속 목록 누락 및 상세조회 no_data로 비활성화한다.,,,
1920563,,고풍스러움이 흐르는 북촌,25,,,missing_from_source,deactivate_old_row,false,missing_from_source,3,missing,missing,missing,no_data,no_data,no_data,no_data,no_data,no_data,deactivate_missing,none,2026-07-29T17:17:50+09:00,2026-07-29T17:30:37+09:00,2026-07-29T17:50:18+09:00,2026-07-29T19:28:29.033168+09:00,d474ee14-af7f-40f5-a326-6f6ba27e7ff2,3회 연속 목록 누락 및 상세조회 no_data로 비활성화한다.,,,
1951271,,사라진 성곽길을 따라 걷기,25,,,missing_from_source,deactivate_old_row,false,missing_from_source,3,missing,missing,missing,no_data,no_data,no_data,no_data,no_data,no_data,deactivate_missing,none,2026-07-29T17:17:50+09:00,2026-07-29T17:30:37+09:00,2026-07-29T17:50:18+09:00,2026-07-29T19:28:29.033168+09:00,d474ee14-af7f-40f5-a326-6f6ba27e7ff2,3회 연속 목록 누락 및 상세조회 no_data로 비활성화한다.,,,
1952962,,경복궁 북쪽마을 북촌 즐기기,25,,,missing_from_source,deactivate_old_row,false,missing_from_source,3,missing,missing,missing,no_data,no_data,no_data,no_data,no_data,no_data,deactivate_missing,none,2026-07-29T17:17:50+09:00,2026-07-29T17:30:37+09:00,2026-07-29T17:50:18+09:00,2026-07-29T19:28:29.033168+09:00,d474ee14-af7f-40f5-a326-6f6ba27e7ff2,3회 연속 목록 누락 및 상세조회 no_data로 비활성화한다.,,,
1952971,,청와대 앞 코스 돌아보기,25,,,missing_from_source,deactivate_old_row,false,missing_from_source,3,missing,missing,missing,no_data,no_data,no_data,no_data,no_data,no_data,deactivate_missing,none,2026-07-29T17:17:50+09:00,2026-07-29T17:30:37+09:00,2026-07-29T17:50:18+09:00,2026-07-29T19:28:29.033168+09:00,d474ee14-af7f-40f5-a326-6f6ba27e7ff2,3회 연속 목록 누락 및 상세조회 no_data로 비활성화한다.,,,
1952975,,과거와 현재의 시간이 겹쳐진 부암동길,25,,,missing_from_source,deactivate_old_row,false,missing_from_source,3,missing,missing,missing,no_data,no_data,no_data,no_data,no_data,no_data,deactivate_missing,none,2026-07-29T17:17:50+09:00,2026-07-29T17:30:37+09:00,2026-07-29T17:50:18+09:00,2026-07-29T19:28:29.033168+09:00,d474ee14-af7f-40f5-a326-6f6ba27e7ff2,3회 연속 목록 누락 및 상세조회 no_data로 비활성화한다.,,,
1952978,,궁의 북쪽 자하문 돌아보기,25,,,missing_from_source,deactivate_old_row,false,missing_from_source,3,missing,missing,missing,no_data,no_data,no_data,no_data,no_data,no_data,deactivate_missing,none,2026-07-29T17:17:50+09:00,2026-07-29T17:30:37+09:00,2026-07-29T17:50:18+09:00,2026-07-29T19:28:29.033168+09:00,d474ee14-af7f-40f5-a326-6f6ba27e7ff2,3회 연속 목록 누락 및 상세조회 no_data로 비활성화한다.,,,
1953116,,북촌을 중심으로 한 조선시대 생활 이야기,25,,,missing_from_source,deactivate_old_row,false,missing_from_source,3,missing,missing,missing,no_data,no_data,no_data,no_data,no_data,no_data,deactivate_missing,none,2026-07-29T17:17:50+09:00,2026-07-29T17:30:37+09:00,2026-07-29T17:50:18+09:00,2026-07-29T19:28:29.033168+09:00,d474ee14-af7f-40f5-a326-6f6ba27e7ff2,3회 연속 목록 누락 및 상세조회 no_data로 비활성화한다.,,,
1953121,,성안 마을 혜화동의 어제와 오늘,25,,,missing_from_source,deactivate_old_row,false,missing_from_source,3,missing,missing,missing,no_data,no_data,no_data,no_data,no_data,no_data,deactivate_missing,none,2026-07-29T17:17:50+09:00,2026-07-29T17:30:37+09:00,2026-07-29T17:50:18+09:00,2026-07-29T19:28:29.033168+09:00,d474ee14-af7f-40f5-a326-6f6ba27e7ff2,3회 연속 목록 누락 및 상세조회 no_data로 비활성화한다.,,,
2022929,,"낮이 좋아? 밤이 좋아? 서울의 주경, 야경 여행코스",25,,,missing_from_source,deactivate_old_row,false,missing_from_source,3,missing,missing,missing,no_data,no_data,no_data,no_data,no_data,no_data,deactivate_missing,none,2026-07-29T17:17:50+09:00,2026-07-29T17:30:37+09:00,2026-07-29T17:50:18+09:00,2026-07-29T19:28:29.033168+09:00,d474ee14-af7f-40f5-a326-6f6ba27e7ff2,3회 연속 목록 누락 및 상세조회 no_data로 비활성화한다.,,,
2030911,,서촌에서 즐기는 즐거운 맛산책,25,,,missing_from_source,deactivate_old_row,false,missing_from_source,3,missing,missing,missing,no_data,no_data,no_data,no_data,no_data,no_data,deactivate_missing,none,2026-07-29T17:17:50+09:00,2026-07-29T17:30:37+09:00,2026-07-29T17:50:18+09:00,2026-07-29T19:28:29.033168+09:00,d474ee14-af7f-40f5-a326-6f6ba27e7ff2,3회 연속 목록 누락 및 상세조회 no_data로 비활성화한다.,,,
2036023,,서울에서 전통주 체험을 할 수 있는 곳,25,,,missing_from_source,deactivate_old_row,false,missing_from_source,3,missing,missing,missing,no_data,no_data,no_data,no_data,no_data,no_data,deactivate_missing,none,2026-07-29T17:17:50+09:00,2026-07-29T17:30:37+09:00,2026-07-29T17:50:18+09:00,2026-07-29T19:28:29.033168+09:00,d474ee14-af7f-40f5-a326-6f6ba27e7ff2,3회 연속 목록 누락 및 상세조회 no_data로 비활성화한다.,,,
2037723,,조선의 왕들이 지극히 아끼던 공간,25,,,missing_from_source,deactivate_old_row,false,missing_from_source,3,missing,missing,missing,no_data,no_data,no_data,no_data,no_data,no_data,deactivate_missing,none,2026-07-29T17:17:50+09:00,2026-07-29T17:30:37+09:00,2026-07-29T17:50:18+09:00,2026-07-29T19:28:29.033168+09:00,d474ee14-af7f-40f5-a326-6f6ba27e7ff2,3회 연속 목록 누락 및 상세조회 no_data로 비활성화한다.,,,
2038266,,600년 역사의 재미난 스토리가 흐르는 골목,25,,,missing_from_source,deactivate_old_row,false,missing_from_source,3,missing,missing,missing,no_data,no_data,no_data,no_data,no_data,no_data,deactivate_missing,none,2026-07-29T17:17:50+09:00,2026-07-29T17:30:37+09:00,2026-07-29T17:50:18+09:00,2026-07-29T19:28:29.033168+09:00,d474ee14-af7f-40f5-a326-6f6ba27e7ff2,3회 연속 목록 누락 및 상세조회 no_data로 비활성화한다.,,,
2050509,,서울의 아름다운 밤을 바라보다.,25,,,missing_from_source,deactivate_old_row,false,missing_from_source,3,missing,missing,missing,no_data,no_data,no_data,no_data,no_data,no_data,deactivate_missing,none,2026-07-29T17:17:50+09:00,2026-07-29T17:30:37+09:00,2026-07-29T17:50:18+09:00,2026-07-29T19:28:29.033168+09:00,d474ee14-af7f-40f5-a326-6f6ba27e7ff2,3회 연속 목록 누락 및 상세조회 no_data로 비활성화한다.,,,
2383723,,"태조 이성계, 조선을 건국하고 종묘와 사직을 세우다",25,,,missing_from_source,deactivate_old_row,false,missing_from_source,3,missing,missing,missing,no_data,no_data,no_data,no_data,no_data,no_data,deactivate_missing,none,2026-07-29T17:17:50+09:00,2026-07-29T17:30:37+09:00,2026-07-29T17:50:18+09:00,2026-07-29T19:28:29.033168+09:00,d474ee14-af7f-40f5-a326-6f6ba27e7ff2,3회 연속 목록 누락 및 상세조회 no_data로 비활성화한다.,,,
2390486,,세련됨에 깃든 촌스러움이 정겹다. 부암동,25,,,missing_from_source,deactivate_old_row,false,missing_from_source,3,missing,missing,missing,no_data,no_data,no_data,no_data,no_data,no_data,deactivate_missing,none,2026-07-29T17:17:50+09:00,2026-07-29T17:30:37+09:00,2026-07-29T17:50:18+09:00,2026-07-29T19:28:29.033168+09:00,d474ee14-af7f-40f5-a326-6f6ba27e7ff2,3회 연속 목록 누락 및 상세조회 no_data로 비활성화한다.,,,
2465879,,서촌게스트하우스,32,서울특별시 종로구 자하문로7길 28-3 (통인동),,missing_from_source,deactivate_old_row,false,missing_from_source,3,missing,missing,missing,no_data,no_data,no_data,no_data,no_data,no_data,deactivate_missing,none,2026-07-29T17:17:50+09:00,2026-07-29T17:30:37+09:00,2026-07-29T17:50:18+09:00,2026-07-29T19:28:29.033168+09:00,d474ee14-af7f-40f5-a326-6f6ba27e7ff2,3회 연속 목록 누락 및 상세조회 no_data로 비활성화한다.,,,
2489908,,풍경,32,서울특별시 종로구 성균관로 32-6 (명륜2가),,missing_from_source,deactivate_old_row,false,missing_from_source,3,missing,missing,missing,no_data,no_data,no_data,success,success,success,deactivate_missing,none,2026-07-29T17:17:50+09:00,2026-07-29T17:30:37+09:00,2026-07-29T17:50:18+09:00,2026-07-29T19:28:29.033168+09:00,d474ee14-af7f-40f5-a326-6f6ba27e7ff2,3회 연속 목록 누락 및 상세조회 no_data로 비활성화한다.,,,
2498434,2909934,청하고려인삼,38,서울특별시 종로구 자하문로 280 청하빌딩,서울특별시 종로구 자하문로 280 (부암동) 청하빌딩,replaced_id,deactivate_old_row,false,missing_from_source,3,missing,missing,missing,no_data,no_data,no_data,success,success,success,deactivate_replaced_id,none,2026-07-29T17:17:50+09:00,2026-07-29T17:30:37+09:00,2026-07-29T17:50:18+09:00,2026-07-29T19:28:29.033168+09:00,d474ee14-af7f-40f5-a326-6f6ba27e7ff2,현재 ID 2909934는 기존 DB와 최신 스냅샷에 이미 존재하므로 활성 상태를 유지한다.,,,
2589659,,올리바인 스파,12,서울특별시 종로구 통일로16길 4-1 (무악동),,missing_from_source,deactivate_old_row,false,missing_from_source,3,missing,missing,missing,no_data,no_data,no_data,no_data,no_data,no_data,deactivate_missing,mark_unmatched,2026-07-29T17:17:50+09:00,2026-07-29T17:30:37+09:00,2026-07-29T17:50:18+09:00,2026-07-29T19:28:29.033168+09:00,d474ee14-af7f-40f5-a326-6f6ba27e7ff2,집중률 매핑 '올리바인 스파'을 matched 상태로 유지하지 않는다.,,,
2590223,,3·1운동의 정신을 느껴보는 서울 여행,25,,,missing_from_source,deactivate_old_row,false,missing_from_source,3,missing,missing,missing,no_data,no_data,no_data,no_data,no_data,no_data,deactivate_missing,none,2026-07-29T17:17:50+09:00,2026-07-29T17:30:37+09:00,2026-07-29T17:50:18+09:00,2026-07-29T19:28:29.033168+09:00,d474ee14-af7f-40f5-a326-6f6ba27e7ff2,3회 연속 목록 누락 및 상세조회 no_data로 비활성화한다.,,,
2642683,,도원마산아구찜,39,서울특별시 종로구 삼일대로 438 1층,,missing_from_source,deactivate_old_row,false,missing_from_source,3,missing,missing,missing,no_data,no_data,no_data,no_data,no_data,no_data,deactivate_missing,none,2026-07-29T17:17:50+09:00,2026-07-29T17:30:37+09:00,2026-07-29T17:50:18+09:00,2026-07-29T19:28:29.033168+09:00,d474ee14-af7f-40f5-a326-6f6ba27e7ff2,3회 연속 목록 누락 및 상세조회 no_data로 비활성화한다.,,,
2642752,,전주골숯불갈비,39,서울특별시 종로구 돈화문로5가길 15,,missing_from_source,deactivate_old_row,false,missing_from_source,3,missing,missing,missing,no_data,no_data,no_data,no_data,no_data,no_data,deactivate_missing,none,2026-07-29T17:17:50+09:00,2026-07-29T17:30:37+09:00,2026-07-29T17:50:18+09:00,2026-07-29T19:28:29.033168+09:00,d474ee14-af7f-40f5-a326-6f6ba27e7ff2,3회 연속 목록 누락 및 상세조회 no_data로 비활성화한다.,,,
2653724,,포도원삼계탕,39,서울특별시 종로구 창경궁로26길 41-5,,missing_from_source,deactivate_old_row,false,missing_from_source,3,missing,missing,missing,no_data,no_data,no_data,no_data,no_data,no_data,deactivate_missing,none,2026-07-29T17:17:50+09:00,2026-07-29T17:30:37+09:00,2026-07-29T17:50:18+09:00,2026-07-29T19:28:29.033168+09:00,d474ee14-af7f-40f5-a326-6f6ba27e7ff2,3회 연속 목록 누락 및 상세조회 no_data로 비활성화한다.,,,
2654150,,더라운지 JW메리어트동대문스퀘어서울,39,"서울특별시 종로구 청계천로 279, JW메리어트동대문스퀘어서울 1층",,missing_from_source,deactivate_old_row,false,missing_from_source,3,missing,missing,missing,no_data,no_data,no_data,no_data,no_data,no_data,deactivate_missing,none,2026-07-29T17:17:50+09:00,2026-07-29T17:30:37+09:00,2026-07-29T17:50:18+09:00,2026-07-29T19:28:29.033168+09:00,d474ee14-af7f-40f5-a326-6f6ba27e7ff2,3회 연속 목록 누락 및 상세조회 no_data로 비활성화한다.,,,
2654165,2544584,일품당프리미엄,39,"서울특별시 종로구 새문안로5가길 7, 3층",서울특별시 종로구 새문안로5가길 7 세종클럽 3층,replaced_id,deactivate_old_row,false,missing_from_source,3,missing,missing,missing,no_data,no_data,no_data,success,success,success,deactivate_replaced_id,none,2026-07-29T17:17:50+09:00,2026-07-29T17:30:37+09:00,2026-07-29T17:50:18+09:00,2026-07-29T19:28:29.033168+09:00,d474ee14-af7f-40f5-a326-6f6ba27e7ff2,현재 ID 2544584는 기존 DB와 최신 스냅샷에 이미 존재하므로 활성 상태를 유지한다.,,,
2663118,,브라운에비뉴,39,서울특별시 종로구 혜화로3길 5 아남 주상복합 301동 112호,,missing_from_source,deactivate_old_row,false,missing_from_source,3,missing,missing,missing,no_data,no_data,no_data,no_data,no_data,no_data,deactivate_missing,none,2026-07-29T17:17:50+09:00,2026-07-29T17:30:37+09:00,2026-07-29T17:50:18+09:00,2026-07-29T19:28:29.033168+09:00,d474ee14-af7f-40f5-a326-6f6ba27e7ff2,3회 연속 목록 누락 및 상세조회 no_data로 비활성화한다.,,,
2689478,,일일주(日日酒),39,서울특별시 종로구 사직로8길 4 풍림스페이스본 201동 108호,,missing_from_source,deactivate_old_row,false,missing_from_source,3,missing,missing,missing,no_data,no_data,no_data,no_data,no_data,no_data,deactivate_missing,none,2026-07-29T17:17:50+09:00,2026-07-29T17:30:37+09:00,2026-07-29T17:50:18+09:00,2026-07-29T19:28:29.033168+09:00,d474ee14-af7f-40f5-a326-6f6ba27e7ff2,3회 연속 목록 누락 및 상세조회 no_data로 비활성화한다.,,,
2689483,,조금,39,서울특별시 종로구 인사동길 60 (관훈동) 크라운빌딩 1층,,missing_from_source,deactivate_old_row,false,missing_from_source,3,missing,missing,missing,no_data,no_data,no_data,no_data,no_data,no_data,deactivate_missing,none,2026-07-29T17:17:50+09:00,2026-07-29T17:30:37+09:00,2026-07-29T17:50:18+09:00,2026-07-29T19:28:29.033168+09:00,d474ee14-af7f-40f5-a326-6f6ba27e7ff2,3회 연속 목록 누락 및 상세조회 no_data로 비활성화한다.,,,
2739481,2739481,종로꽃시장,38,서울특별시 종로구 종로41길 25 (종로6가),서울특별시 종로구 종로41길 25 (종로6가),updated,update_list_fields,true,,,,,,,,,,,,update_list_fields,none,,,,2026-07-29T19:28:29.033168+09:00,d474ee14-af7f-40f5-a326-6f6ba27e7ff2,사용자 검토에서 의미 있는 장소 정보 변경으로 확정했다.,latitude|longitude|source_modified_at,"{""latitude"":""37.5724012861"",""longitude"":""127.0063072098"",""source_modified_at"":""2025-06-05 01:41:37+00""}","{""latitude"":""37.5723492546"",""longitude"":""127.0062928179"",""source_modified_at"":""2026-07-28T16:30:48+09:00""}"
2814408,2814408,두레유,39,서울특별시 종로구 평창문화로 84 (평창동) 2층,서울특별시 종로구 평창문화로 84 (평창동) 전진빌딩 2층,updated,update_list_fields,true,,,,,,,,,,,,update_list_fields,none,,,,2026-07-29T19:28:29.033168+09:00,d474ee14-af7f-40f5-a326-6f6ba27e7ff2,사용자 검토에서 의미 있는 장소 정보 변경으로 확정했다.,address|latitude|longitude|source_modified_at,"{""address"":""서울특별시 종로구 평창문화로 84 (평창동) 2층"",""latitude"":""37.6066216653"",""longitude"":""126.970517835"",""source_modified_at"":""2025-12-08 05:48:11+00""}","{""address"":""서울특별시 종로구 평창문화로 84 (평창동) 전진빌딩 2층"",""latitude"":""37.6065673032"",""longitude"":""126.970504026"",""source_modified_at"":""2026-07-24T08:59:34+09:00""}"
2907200,2907200,헤리티지클럽,39,서울특별시 종로구 서순라길 75,서울특별시 종로구 서순라길 75,updated,update_list_fields,true,,,,,,,,,,,,update_list_fields,none,,,,2026-07-29T19:28:29.033168+09:00,d474ee14-af7f-40f5-a326-6f6ba27e7ff2,사용자 검토에서 의미 있는 장소 정보 변경으로 확정했다.,latitude|longitude|source_modified_at,"{""latitude"":""37.5737851814824"",""longitude"":""126.992469875932"",""source_modified_at"":""2026-02-20 07:26:46+00""}","{""latitude"":""37.5737851815"",""longitude"":""126.9924698759"",""source_modified_at"":""2026-07-24T11:22:00+09:00""}"
3101911,,비바라비다,32,서울특별시 종로구 율곡로 110-15 (권농동),,missing_from_source,deactivate_old_row,false,missing_from_source,3,missing,missing,missing,no_data,no_data,no_data,no_data,no_data,no_data,deactivate_missing,none,2026-07-29T17:17:50+09:00,2026-07-29T17:30:37+09:00,2026-07-29T17:50:18+09:00,2026-07-29T19:28:29.033168+09:00,d474ee14-af7f-40f5-a326-6f6ba27e7ff2,3회 연속 목록 누락 및 상세조회 no_data로 비활성화한다.,,,
3457702,3457702,우리소리도서관,14,서울특별시 종로구 삼일대로30길 47 (익선동),서울특별시 종로구 삼일대로30길 47 (익선동) 4~5층,updated,update_list_fields,true,,,,,,,,,,,,update_list_fields,none,,,,2026-07-29T19:28:29.033168+09:00,d474ee14-af7f-40f5-a326-6f6ba27e7ff2,사용자 검토에서 의미 있는 장소 정보 변경으로 확정했다.,address|latitude|longitude|source_modified_at,"{""address"":""서울특별시 종로구 삼일대로30길 47 (익선동)"",""latitude"":""37.574545193"",""longitude"":""126.9902475015"",""source_modified_at"":""2024-12-23 06:05:26+00""}","{""address"":""서울특별시 종로구 삼일대로30길 47 (익선동) 4~5층"",""latitude"":""37.5744920432"",""longitude"":""126.9902334066"",""source_modified_at"":""2026-07-23T10:03:50+09:00""}"
