content_id,title,content_type_id,change_type,changed_columns,previous_values_json,current_values_json,baseline_snapshot,compared_at
141661,수문장 교대의식,15,added,,,"{""content_id"": ""141661"", ""content_type_id"": ""15"", ""title"": ""수문장 교대의식"", ""address"": ""서울특별시 종로구 사직로 161 (세종로)"", ""latitude"": ""37.5801313447"", ""longitude"": ""126.9767073438"", ""area_code"": ""11"", ""district_code"": ""110"", ""lcls_systm1"": ""EV"", ""lcls_systm2"": ""EV02"", ""lcls_systm3"": ""EV020100"", ""source_modified_at"": ""2026-08-04 09:52:15+09:00"", ""list_fetched_at"": ""2026-08-08T13:36:04.996641+09:00""}",places_api_snapshot_20260802.csv,2026-08-08T13:36:04.996641+09:00
2511228,자문밖문화축제,15,removed,,"{""content_id"": ""2511228"", ""content_type_id"": ""15"", ""title"": ""자문밖문화축제"", ""address"": ""서울특별시 종로구 평창31길 5 (평창동) 자문밖문화포럼"", ""latitude"": ""37.6119989089"", ""longitude"": ""126.97558111"", ""area_code"": ""11"", ""district_code"": ""110"", ""lcls_systm1"": ""EV"", ""lcls_systm2"": ""EV01"", ""lcls_systm3"": ""EV010600"", ""source_modified_at"": ""2025-09-17T09:24:25+09:00"", ""list_fetched_at"": ""2026-08-02T04:22:59.960433+09:00""}",,places_api_snapshot_20260802.csv,2026-08-08T13:36:04.996641+09:00
1380688,대학로예술극장,14,updated,source_modified_at,"{""source_modified_at"": ""2026-02-25T09:47:29+09:00""}","{""source_modified_at"": ""2026-08-03 13:38:51+09:00""}",places_api_snapshot_20260802.csv,2026-08-08T13:36:04.996641+09:00
1605942,한벽원미술관,14,updated,address|latitude|longitude|source_modified_at,"{""address"": ""서울특별시 종로구 삼청로 83"", ""latitude"": ""37.5829616419259"", ""longitude"": ""126.981509572186"", ""source_modified_at"": ""2026-02-11T08:10:09+09:00""}","{""address"": ""서울특별시 종로구 삼청로 83 (팔판동)"", ""latitude"": ""37.5828831211"", ""longitude"": ""126.9815635232"", ""source_modified_at"": ""2026-08-03 13:23:29+09:00""}",places_api_snapshot_20260802.csv,2026-08-08T13:36:04.996641+09:00
2455084,생명보험교육문화센터,12,updated,latitude|longitude|source_modified_at,"{""latitude"": ""37.5730284176"", ""longitude"": ""126.9743656585"", ""source_modified_at"": ""2025-04-10T14:26:15+09:00""}","{""latitude"": ""37.572976495"", ""longitude"": ""126.9743513025"", ""source_modified_at"": ""2026-08-05 16:39:31+09:00""}",places_api_snapshot_20260802.csv,2026-08-08T13:36:04.996641+09:00
2554814,정조대왕 능행차 공동재현,15,updated,source_modified_at,"{""source_modified_at"": ""2026-06-23T17:56:46+09:00""}","{""source_modified_at"": ""2026-08-04 09:52:46+09:00""}",places_api_snapshot_20260802.csv,2026-08-08T13:36:04.996641+09:00
2556687,문학주간2026 〈곁눈질〉,15,updated,title|source_modified_at,"{""title"": ""문학주간2026"", ""source_modified_at"": ""2026-07-02T14:40:20+09:00""}","{""title"": ""문학주간2026 〈곁눈질〉"", ""source_modified_at"": ""2026-08-04 09:53:30+09:00""}",places_api_snapshot_20260802.csv,2026-08-08T13:36:04.996641+09:00
2778428,청진옥,39,updated,latitude|longitude|source_modified_at,"{""latitude"": ""37.5717814321"", ""longitude"": ""126.9794791167"", ""source_modified_at"": ""2025-06-27T17:41:23+09:00""}","{""latitude"": ""37.571729605"", ""longitude"": ""126.9794631808"", ""source_modified_at"": ""2026-08-06 16:53:54+09:00""}",places_api_snapshot_20260802.csv,2026-08-08T13:36:04.996641+09:00
2782735,국립경찰박물관,14,updated,source_modified_at,"{""source_modified_at"": ""2026-03-12T09:08:40+09:00""}","{""source_modified_at"": ""2026-08-03 09:20:47+09:00""}",places_api_snapshot_20260802.csv,2026-08-08T13:36:04.996641+09:00
2783512,석파정 서울미술관,14,updated,latitude|longitude|source_modified_at,"{""latitude"": ""37.5948701151"", ""longitude"": ""126.96277443"", ""source_modified_at"": ""2025-03-14T17:07:43+09:00""}","{""latitude"": ""37.5948159817"", ""longitude"": ""126.9627603052"", ""source_modified_at"": ""2026-08-05 13:39:45+09:00""}",places_api_snapshot_20260802.csv,2026-08-08T13:36:04.996641+09:00
2809117,런던베이글뮤지엄 안국,39,updated,latitude|longitude|source_modified_at,"{""latitude"": ""37.5792251324"", ""longitude"": ""126.9862171806"", ""source_modified_at"": ""2025-11-10T16:49:21+09:00""}","{""latitude"": ""37.5791715088"", ""longitude"": ""126.9862029505"", ""source_modified_at"": ""2026-08-06 11:40:20+09:00""}",places_api_snapshot_20260802.csv,2026-08-08T13:36:04.996641+09:00
2824887,준수방키친,39,updated,latitude|longitude|source_modified_at,"{""latitude"": ""37.5797442395"", ""longitude"": ""126.9707991267"", ""source_modified_at"": ""2025-12-08T14:58:50+09:00""}","{""latitude"": ""37.5796902211"", ""longitude"": ""126.9707838885"", ""source_modified_at"": ""2026-08-06 11:37:40+09:00""}",places_api_snapshot_20260802.csv,2026-08-08T13:36:04.996641+09:00
2969267,호전다실,12,updated,latitude|longitude|source_modified_at,"{""latitude"": ""37.579849777"", ""longitude"": ""126.9704602659"", ""source_modified_at"": ""2025-01-07T16:26:09+09:00""}","{""latitude"": ""37.5797976773"", ""longitude"": ""126.9704440888"", ""source_modified_at"": ""2026-08-07 15:22:35+09:00""}",places_api_snapshot_20260802.csv,2026-08-08T13:36:04.996641+09:00
2992824,락고재 컬쳐 라운지 애가헌,12,updated,latitude|longitude|source_modified_at,"{""latitude"": ""37.5822969574"", ""longitude"": ""126.983958966"", ""source_modified_at"": ""2025-11-24T14:51:00+09:00""}","{""latitude"": ""37.5822430046"", ""longitude"": ""126.9839443129"", ""source_modified_at"": ""2026-08-06 16:34:51+09:00""}",places_api_snapshot_20260802.csv,2026-08-08T13:36:04.996641+09:00
2993160,백악마루,12,updated,latitude|longitude|source_modified_at,"{""latitude"": ""37.5939481211"", ""longitude"": ""126.9695127307"", ""source_modified_at"": ""2025-12-31T10:20:58+09:00""}","{""latitude"": ""37.5938949836"", ""longitude"": ""126.9694968905"", ""source_modified_at"": ""2026-08-05 17:04:44+09:00""}",places_api_snapshot_20260802.csv,2026-08-08T13:36:04.996641+09:00
2993183,북촌전통공예체험관,12,updated,latitude|longitude|source_modified_at,"{""latitude"": ""37.5824719752"", ""longitude"": ""126.9861254303"", ""source_modified_at"": ""2025-09-18T15:09:28+09:00""}","{""latitude"": ""37.5824192345"", ""longitude"": ""126.9861116997"", ""source_modified_at"": ""2026-08-07 11:56:38+09:00""}",places_api_snapshot_20260802.csv,2026-08-08T13:36:04.996641+09:00
2993324,아트스페이스3,14,updated,latitude|longitude|source_modified_at,"{""latitude"": ""37.5785138723"", ""longitude"": ""126.9733322642"", ""source_modified_at"": ""2025-12-03T17:30:14+09:00""}","{""latitude"": ""37.5784601002"", ""longitude"": ""126.9733168387"", ""source_modified_at"": ""2026-08-04 08:32:50+09:00""}",places_api_snapshot_20260802.csv,2026-08-08T13:36:04.996641+09:00
834750,커피친구,39,updated,source_modified_at,"{""source_modified_at"": ""2026-02-24T15:14:39+09:00""}","{""source_modified_at"": ""2026-08-04 11:12:57+09:00""}",places_api_snapshot_20260802.csv,2026-08-08T13:36:04.996641+09:00
