content_id,place_title,concentration_title,concentration_aliases,match_status,match_method,confidence_score,verified_at
130446,가회민화박물관,가회민화박물관,[],matched,exact,1.0000,
294439,감로암(서울),감로암(서울),[],matched,exact,1.0000,
126508,경복궁,경복궁,[],matched,exact,1.0000,
,,경운동민병옥가옥,[],unmatched,,,
2782735,국립경찰박물관,경찰박물관,[],matched,manual,1.0000,2026-07-29T18:36:23+09:00
126484,경희궁,경희궁,[],matched,exact,1.0000,
132183,광장시장,광장시장,[],matched,exact,1.0000,
126512,광화문,광화문,[],matched,exact,1.0000,
775394,광화문광장,광화문광장,[],matched,exact,1.0000,
,,구공업전습소본관,[],unmatched,,,
129811,국립고궁박물관,국립고궁박물관,[],matched,exact,1.0000,
2545920,국립어린이과학관,국립어린이과학관,[],matched,exact,1.0000,
1934593,국립현대미술관 서울,국립현대미술관 서울,[],matched,exact,1.0000,
,,그라운드시소 서촌,[],unmatched,,,
298109,금선사(서울),금선사(서울),[],matched,exact,1.0000,
2553377,김달진미술자료박물관,김달진미술자료박물관,[],matched,exact,1.0000,
129501,낙산공원,낙산공원,[],matched,exact,1.0000,
699222,낙원동 아구찜 거리,낙원동 아구찜 거리,[],matched,exact,1.0000,
299980,대각사(서울),대각사,[],matched,normalized,1.0000,
126534,대학로,대학로,[],matched,exact,1.0000,
1849416,대한민국역사박물관,대한민국역사박물관,[],matched,exact,1.0000,
,,돈의문박물관마을,[],unmatched,,,
1187220,동대문 문구완구거리 (창신동 문구완구시장),동대문 문구완구거리,[],matched,normalized,1.0000,
130851,동림매듭공방,동림매듭공방,[],matched,exact,1.0000,
1603677,동십자각,동십자각,[],matched,exact,1.0000,
2707460,딜쿠샤,딜쿠샤,[],matched,exact,1.0000,
130365,떡박물관,떡박물관,[],matched,exact,1.0000,
126487,마로니에공원,마로니에공원,[],matched,exact,1.0000,
231976,목인박물관 목석원,목인박물관 목석원,[],matched,exact,1.0000,
128872,낙산묘각사,묘각사(서울),[],matched,manual,1.0000,2026-07-29T18:31:03+09:00
1603543,무궁화동산,무궁화동산,[],matched,exact,1.0000,
809372,백사실계곡,백사실계곡,[],matched,exact,1.0000,
605497,보성사터,보성사터,[],matched,exact,1.0000,
126516,보신각터,보신각 터,[],matched,normalized,1.0000,
,,보안1942,[],unmatched,,,
,,부엉이박물관,[],unmatched,,,
809190,북악산,북악산,[],matched,exact,1.0000,
126943,북악스카이 팔각정,북악스카이 팔각정,[],matched,exact,1.0000,
231971,북촌생활사박물관,북촌생활사박물관,[],matched,exact,1.0000,
126537,북촌한옥마을,북촌한옥마을,[],matched,exact,1.0000,
127942,사직공원(서울),사직공원(서울),[],matched,exact,1.0000,
2638477,산마루 놀이터,산마루놀이터,[],matched,normalized,1.0000,
130931,삼성출판박물관,삼성출판박물관,[],matched,exact,1.0000,
126488,삼청공원,삼청공원,[],matched,exact,1.0000,
945824,서울 경교장,서울 경교장,[],matched,exact,1.0000,
250338,서울 관상감 관천대,서울 관상감 관천대,[],matched,exact,1.0000,
126522,서울 동관왕묘,서울 동관왕묘,[],matched,exact,1.0000,
704507,서울 동대문 닭한마리 골목,서울 동대문 닭한마리 골목,[],matched,exact,1.0000,
126517,서울 문묘와 성균관,서울 문묘와 성균관,[],matched,exact,1.0000,
250358,서울 우정총국,서울 우정총국,[],matched,exact,1.0000,
127454,서울 운현궁,서울 운현궁,[],matched,exact,1.0000,
735749,서울 종로 낙지볶음 골목,서울 종로 낙지볶음 골목,[],matched,exact,1.0000,
2738571,서울공예박물관,서울공예박물관,[],matched,exact,1.0000,
130678,서울교육박물관,서울교육박물관,[],matched,exact,1.0000,
130361,서울역사박물관,서울역사박물관,[],matched,exact,1.0000,
2678273,서울우리소리박물관,서울우리소리박물관,[],matched,exact,1.0000,
2037020,서촌마을,서촌마을,[],matched,exact,1.0000,
2783512,석파정 서울미술관,석파정서울미술관,[],matched,normalized,1.0000,
126494,세검정 터,세검정 터 (구 세검정),[],matched,normalized,1.0000,
130688,세계장신구박물관,세계장신구박물관,[],matched,exact,1.0000,
1604697,세종로공원,세종로공원,[],matched,exact,1.0000,
129735,세종문화회관,세종문화회관,[],matched,exact,1.0000,
319578,소림사(서울),소림사(서울),[],matched,exact,1.0000,
2733962,수성동계곡,수성동계곡,[],matched,exact,1.0000,
2739467,수애뇨339,수애뇨339,[],matched,exact,1.0000,
1604733,숭인근린공원,숭인근린공원,[],matched,exact,1.0000,
,,쉼박물관,[],unmatched,manual_rejected,,2026-07-29T18:32:28+09:00
126505,승가사(서울),승가사(서울),[],matched,exact,1.0000,
605445,승동교회,승동교회,[],matched,exact,1.0000,
128553,쌈지길,쌈지길,[],matched,manual,1.0000,2026-07-29T17:14:13+09:00
130230,아르코예술극장,아르코예술극장,[],matched,exact,1.0000,
130648,아름다운 차박물관,아름다운 차박물관,[],matched,exact,1.0000,
2774286,안국선원(서울),안국선원,[],matched,normalized,1.0000,
337413,안양암(서울),안양암(서울),[],matched,exact,1.0000,
,,올리바인 스파,[],unmatched,,,
1019041,와룡공원,와룡공원,[],matched,exact,1.0000,
2554142,유금와당박물관,유금와당박물관,[],matched,exact,1.0000,
250134,율곡로,율곡로,[],matched,exact,1.0000,
2650046,익선동 한옥거리,익선동,[],matched,manual,1.0000,2026-07-29T18:34:22+09:00
264353,인사동,인사동,[],matched,exact,1.0000,
348804,인왕사(서울),인왕사(서울),[],matched,exact,1.0000,
126479,인왕산,인왕산,[],matched,exact,1.0000,
2764331,인왕산 국사당,인왕산국사당,[],matched,normalized,1.0000,
,,자생식물학습장,[],unmatched,,,
2739478,전태일기념관,전태일기념관,[],matched,exact,1.0000,
128144,조계사(서울),조계사(서울),[],matched,exact,1.0000,
132202,대학천 책방거리,종로6가 대학천 책방거리,[],matched,manual,1.0000,2026-07-29T18:35:39+09:00
126510,종묘 [유네스코 세계유산],종묘 [유네스코 세계유산],[],matched,exact,1.0000,
126492,종묘광장공원,종묘광장공원,[],matched,exact,1.0000,
129804,짚풀생활사박물관,짚풀생활사박물관,[],matched,exact,1.0000,
126511,창경궁,창경궁,[],matched,exact,1.0000,
127642,창덕궁과 후원 [유네스코 세계유산],창덕궁과 후원 [유네스코 세계유산],[],matched,exact,1.0000,
252547,창의문(자하문),창의문(자하문),[],matched,exact,1.0000,
2657713,채석장 전망대,채석장 전망대,[],matched,exact,1.0000,
482153,청룡사(서울),청룡사(서울),[],matched,exact,1.0000,
126533,청와대 앞길,청와대 앞길,"[""청와대""]",matched,exact_with_alias,1.0000,2026-07-29T18:25:22+09:00
690984,청와대 사랑채,청와대사랑채,[],matched,normalized,1.0000,
2762885,청운공원,청운공원,[],matched,exact,1.0000,
,,축구전시관,[],unmatched,,,
774640,춘원당한의약박물관,춘원당한의약박물관,[],matched,exact,1.0000,
2759976,충신시장,충신시장,[],matched,exact,1.0000,
,,컬러풀뮤지엄(COLORPOOL MUSEUM),[],unmatched,,,
129534,탑골공원,탑골공원,[],matched,exact,1.0000,
1590323,통인시장,통인시장,[],matched,exact,1.0000,
2759941,한국교회 100주년 기념관,한국교회 100주년 기념관,[],matched,exact,1.0000,
1939691,한양도성박물관,한양도성박물관,[],matched,exact,1.0000,
1605927,현대원서공원,현대원서공원,[],matched,exact,1.0000,
129506,홍지문 및 탕춘대성,홍지문 및 탕춘대성,[],matched,exact,1.0000,
945987,홍파동 홍난파 가옥,홍파동 홍난파 가옥,[],matched,exact,1.0000,
,,화정박물관,[],unmatched,,,
1604450,황학정,황학정,[],matched,exact,1.0000,
126514,흥인지문,흥인지문,[],matched,exact,1.0000,
